frequency,raw,error,smoothed,error_smoothed,equalization,fixed_band_eq,equalized_raw,equalized_smoothed,target
20.00,5.10,-0.20,5.10,-0.20,0.20,-0.40,5.30,5.30,5.30
20.20,5.12,-0.17,5.12,-0.17,0.17,-0.41,5.29,5.29,5.29
20.40,5.13,-0.14,5.14,-0.14,0.14,-0.42,5.27,5.28,5.27
20.61,5.16,-0.10,5.16,-0.11,0.11,-0.43,5.27,5.26,5.26
20.81,5.18,-0.07,5.17,-0.08,0.08,-0.44,5.26,5.25,5.25
21.02,5.19,-0.05,5.19,-0.05,0.05,-0.46,5.24,5.24,5.24
21.23,5.21,-0.02,5.21,-0.02,0.02,-0.47,5.23,5.23,5.23
21.44,5.23,0.01,5.23,0.01,-0.01,-0.48,5.22,5.22,5.22
21.66,5.25,0.05,5.25,0.04,-0.04,-0.50,5.21,5.21,5.20
21.87,5.27,0.07,5.27,0.07,-0.07,-0.51,5.20,5.20,5.20
22.09,5.29,0.10,5.29,0.10,-0.10,-0.52,5.19,5.19,5.19
22.31,5.31,0.13,5.31,0.12,-0.13,-0.54,5.18,5.18,5.18
22.54,5.33,0.15,5.32,0.15,-0.16,-0.55,5.17,5.17,5.18
22.76,5.34,0.18,5.34,0.18,-0.18,-0.57,5.15,5.16,5.16
22.99,5.36,0.21,5.36,0.21,-0.21,-0.58,5.15,5.15,5.15
23.22,5.39,0.25,5.38,0.24,-0.24,-0.60,5.15,5.14,5.14
23.45,5.41,0.28,5.41,0.28,-0.27,-0.62,5.14,5.14,5.13
23.69,5.42,0.30,5.42,0.30,-0.30,-0.63,5.12,5.13,5.12
23.92,5.44,0.33,5.44,0.33,-0.33,-0.65,5.11,5.11,5.11
24.16,5.45,0.35,5.45,0.35,-0.35,-0.67,5.10,5.10,5.10
24.40,5.47,0.38,5.47,0.38,-0.38,-0.69,5.09,5.09,5.09
24.65,5.48,0.40,5.48,0.41,-0.41,-0.70,5.07,5.08,5.08
24.89,5.50,0.44,5.50,0.44,-0.43,-0.72,5.07,5.07,5.06
25.14,5.52,0.47,5.51,0.46,-0.46,-0.74,5.06,5.05,5.05
25.39,5.53,0.49,5.53,0.49,-0.49,-0.76,5.04,5.04,5.04
25.65,5.54,0.51,5.54,0.52,-0.52,-0.78,5.02,5.03,5.03
25.91,5.56,0.55,5.56,0.54,-0.54,-0.80,5.01,5.01,5.01
26.16,5.57,0.57,5.57,0.57,-0.57,-0.82,5.00,5.00,5.00
26.43,5.59,0.60,5.59,0.60,-0.60,-0.84,4.99,4.99,4.99
26.69,5.61,0.63,5.60,0.62,-0.62,-0.85,4.99,4.98,4.98
26.96,5.62,0.65,5.62,0.65,-0.65,-0.87,4.97,4.97,4.97
27.23,5.63,0.67,5.63,0.67,-0.67,-0.89,4.96,4.96,4.96
27.50,5.65,0.70,5.64,0.69,-0.70,-0.91,4.95,4.95,4.95
27.77,5.66,0.72,5.66,0.72,-0.72,-0.93,4.94,4.94,4.94
28.05,5.67,0.74,5.67,0.74,-0.74,-0.94,4.93,4.93,4.93
28.33,5.69,0.77,5.69,0.76,-0.77,-0.96,4.92,4.92,4.92
28.62,5.70,0.79,5.70,0.79,-0.79,-0.98,4.91,4.91,4.91
28.90,5.72,0.82,5.72,0.82,-0.82,-0.99,4.90,4.90,4.90
29.19,5.73,0.85,5.73,0.84,-0.84,-1.01,4.88,4.88,4.88
29.48,5.74,0.87,5.74,0.87,-0.87,-1.02,4.87,4.87,4.87
29.78,5.75,0.89,5.75,0.89,-0.89,-1.04,4.85,4.86,4.86
30.08,5.77,0.93,5.77,0.92,-0.92,-1.05,4.85,4.85,4.84
30.38,5.78,0.94,5.78,0.94,-0.94,-1.06,4.84,4.84,4.84
30.68,5.80,0.97,5.80,0.97,-0.96,-1.07,4.84,4.84,4.83
30.99,5.81,0.98,5.81,0.98,-0.98,-1.08,4.83,4.83,4.83
31.30,5.82,1.00,5.82,1.00,-1.00,-1.09,4.82,4.82,4.82
31.61,5.82,1.01,5.82,1.01,-1.02,-1.10,4.80,4.81,4.81
31.93,5.83,1.03,5.83,1.03,-1.04,-1.10,4.79,4.79,4.80
32.24,5.84,1.06,5.84,1.05,-1.06,-1.11,4.78,4.78,4.78
32.57,5.85,1.08,5.85,1.08,-1.08,-1.12,4.77,4.77,4.77
32.89,5.86,1.11,5.86,1.11,-1.11,-1.12,4.75,4.75,4.75
33.22,5.87,1.13,5.87,1.13,-1.13,-1.12,4.74,4.74,4.74
33.55,5.89,1.16,5.88,1.16,-1.16,-1.13,4.73,4.73,4.73
33.89,5.90,1.19,5.90,1.19,-1.18,-1.13,4.71,4.71,4.71
34.23,5.91,1.21,5.91,1.21,-1.21,-1.13,4.70,4.70,4.70
34.57,5.93,1.24,5.93,1.24,-1.23,-1.13,4.69,4.69,4.69
34.92,5.94,1.26,5.94,1.26,-1.26,-1.13,4.68,4.68,4.68
35.27,5.95,1.28,5.95,1.28,-1.28,-1.14,4.67,4.67,4.67
35.62,5.96,1.30,5.96,1.30,-1.30,-1.14,4.66,4.66,4.66
35.97,5.97,1.32,5.97,1.32,-1.32,-1.14,4.65,4.65,4.65
36.33,5.97,1.34,5.97,1.34,-1.34,-1.14,4.63,4.63,4.63
36.70,5.97,1.35,5.97,1.35,-1.35,-1.14,4.62,4.62,4.62
37.06,5.97,1.37,5.97,1.37,-1.37,-1.14,4.60,4.60,4.60
37.43,5.97,1.38,5.97,1.38,-1.38,-1.14,4.59,4.59,4.59
37.81,5.97,1.40,5.97,1.40,-1.39,-1.14,4.57,4.57,4.57
38.19,5.97,1.41,5.97,1.41,-1.41,-1.14,4.56,4.56,4.56
38.57,5.97,1.42,5.97,1.42,-1.42,-1.14,4.55,4.55,4.55
38.95,5.97,1.43,5.97,1.43,-1.43,-1.15,4.54,4.54,4.54
39.34,5.97,1.45,5.97,1.44,-1.44,-1.15,4.53,4.53,4.52
39.74,5.97,1.45,5.97,1.45,-1.46,-1.15,4.51,4.51,4.52
40.14,5.97,1.47,5.97,1.47,-1.47,-1.16,4.50,4.50,4.50
40.54,5.97,1.48,5.97,1.48,-1.48,-1.16,4.49,4.49,4.49
40.94,5.97,1.50,5.97,1.50,-1.50,-1.17,4.47,4.47,4.47
41.35,5.97,1.52,5.97,1.51,-1.51,-1.18,4.46,4.46,4.45
41.76,5.97,1.53,5.97,1.53,-1.53,-1.18,4.44,4.44,4.44
42.18,5.97,1.55,5.97,1.55,-1.55,-1.19,4.42,4.42,4.42
42.60,5.97,1.57,5.97,1.56,-1.56,-1.20,4.41,4.41,4.40
43.03,5.97,1.57,5.97,1.58,-1.58,-1.21,4.39,4.39,4.40
43.46,5.97,1.59,5.97,1.59,-1.59,-1.22,4.37,4.37,4.38
43.90,5.97,1.61,5.97,1.61,-1.61,-1.23,4.36,4.36,4.36
44.33,5.97,1.63,5.97,1.63,-1.63,-1.25,4.34,4.34,4.34
44.78,5.97,1.65,5.97,1.64,-1.64,-1.26,4.33,4.33,4.32
45.23,5.97,1.66,5.97,1.66,-1.66,-1.28,4.31,4.31,4.31
45.68,5.97,1.67,5.97,1.67,-1.67,-1.29,4.30,4.30,4.30
46.13,5.97,1.69,5.97,1.69,-1.69,-1.31,4.28,4.28,4.28
46.60,5.96,1.70,5.96,1.70,-1.70,-1.32,4.26,4.26,4.26
47.06,5.96,1.72,5.96,1.72,-1.72,-1.34,4.24,4.24,4.24
47.53,5.96,1.73,5.96,1.73,-1.73,-1.36,4.23,4.23,4.23
48.01,5.96,1.75,5.96,1.75,-1.74,-1.38,4.21,4.21,4.21
48.49,5.96,1.76,5.96,1.76,-1.76,-1.40,4.20,4.20,4.20
48.97,5.95,1.77,5.95,1.77,-1.77,-1.42,4.18,4.18,4.18
49.46,5.94,1.78,5.94,1.78,-1.78,-1.45,4.16,4.16,4.16
49.96,5.93,1.79,5.93,1.79,-1.78,-1.47,4.15,4.14,4.14
50.46,5.91,1.79,5.91,1.79,-1.79,-1.49,4.12,4.12,4.12
50.96,5.89,1.80,5.89,1.80,-1.79,-1.52,4.10,4.10,4.09
51.47,5.88,1.80,5.88,1.80,-1.80,-1.54,4.08,4.08,4.08
51.99,5.86,1.80,5.86,1.80,-1.80,-1.57,4.06,4.06,4.06
52.51,5.85,1.80,5.85,1.80,-1.81,-1.59,4.04,4.04,4.05
53.03,5.84,1.82,5.84,1.81,-1.82,-1.62,4.02,4.02,4.02
53.56,5.84,1.83,5.84,1.83,-1.83,-1.64,4.01,4.00,4.01
54.10,5.83,1.84,5.83,1.85,-1.85,-1.67,3.98,3.98,3.99
54.64,5.83,1.87,5.83,1.86,-1.87,-1.70,3.96,3.96,3.96
55.18,5.83,1.89,5.82,1.89,-1.89,-1.72,3.94,3.94,3.94
55.74,5.82,1.91,5.82,1.91,-1.91,-1.75,3.91,3.92,3.91
56.29,5.82,1.93,5.82,1.93,-1.93,-1.77,3.89,3.90,3.89
56.86,5.82,1.95,5.81,1.95,-1.94,-1.80,3.88,3.87,3.87
57.42,5.81,1.97,5.81,1.96,-1.96,-1.82,3.85,3.85,3.84
58.00,5.79,1.97,5.79,1.97,-1.97,-1.84,3.82,3.82,3.82
58.58,5.78,1.98,5.78,1.98,-1.98,-1.86,3.80,3.80,3.80
59.16,5.76,1.99,5.76,1.99,-1.99,-1.89,3.77,3.77,3.77
59.76,5.74,2.00,5.74,2.00,-2.00,-1.91,3.74,3.74,3.74
60.35,5.72,2.01,5.72,2.01,-2.01,-1.93,3.71,3.71,3.71
60.96,5.71,2.02,5.71,2.02,-2.02,-1.94,3.69,3.69,3.69
61.57,5.69,2.03,5.69,2.03,-2.03,-1.96,3.66,3.66,3.66
62.18,5.68,2.05,5.68,2.04,-2.05,-1.98,3.63,3.63,3.63
62.80,5.66,2.05,5.66,2.06,-2.06,-1.99,3.60,3.60,3.61
63.43,5.65,2.08,5.65,2.07,-2.08,-2.00,3.57,3.57,3.57
64.07,5.64,2.10,5.63,2.09,-2.09,-2.02,3.55,3.54,3.54
64.71,5.62,2.11,5.62,2.12,-2.11,-2.03,3.51,3.51,3.51
65.35,5.61,2.14,5.61,2.13,-2.13,-2.04,3.48,3.48,3.47
66.01,5.60,2.15,5.59,2.15,-2.15,-2.05,3.45,3.45,3.45
66.67,5.58,2.16,5.58,2.16,-2.17,-2.06,3.41,3.42,3.42
67.33,5.57,2.18,5.57,2.18,-2.19,-2.06,3.38,3.38,3.39
68.01,5.56,2.20,5.55,2.20,-2.21,-2.07,3.35,3.35,3.36
68.69,5.54,2.23,5.54,2.23,-2.23,-2.08,3.31,3.31,3.31
69.37,5.53,2.26,5.53,2.26,-2.25,-2.08,3.28,3.28,3.27
70.07,5.52,2.28,5.52,2.28,-2.28,-2.09,3.24,3.24,3.24
70.77,5.51,2.31,5.51,2.30,-2.30,-2.10,3.21,3.21,3.20
71.48,5.49,2.32,5.49,2.33,-2.32,-2.10,3.17,3.17,3.17
72.19,5.48,2.36,5.48,2.35,-2.35,-2.11,3.13,3.13,3.12
72.91,5.46,2.37,5.46,2.37,-2.37,-2.12,3.09,3.09,3.09
73.64,5.44,2.38,5.44,2.39,-2.40,-2.13,3.04,3.04,3.06
74.38,5.42,2.41,5.42,2.41,-2.42,-2.13,3.00,3.00,3.01
75.12,5.41,2.45,5.41,2.44,-2.44,-2.14,2.97,2.97,2.96
75.87,5.40,2.48,5.40,2.47,-2.47,-2.15,2.93,2.93,2.92
76.63,5.38,2.50,5.38,2.50,-2.49,-2.16,2.89,2.89,2.88
77.40,5.36,2.52,5.36,2.52,-2.52,-2.18,2.84,2.84,2.84
78.17,5.34,2.55,5.34,2.54,-2.54,-2.19,2.79,2.79,2.79
78.95,5.32,2.56,5.32,2.56,-2.57,-2.20,2.75,2.75,2.76
79.74,5.30,2.59,5.30,2.59,-2.60,-2.22,2.70,2.70,2.71
80.54,5.28,2.62,5.28,2.62,-2.62,-2.24,2.66,2.66,2.66
81.35,5.26,2.65,5.26,2.65,-2.65,-2.26,2.61,2.61,2.61
82.16,5.24,2.68,5.24,2.68,-2.67,-2.28,2.57,2.57,2.56
82.98,5.22,2.71,5.22,2.71,-2.70,-2.30,2.52,2.52,2.51
83.81,5.20,2.73,5.20,2.73,-2.72,-2.32,2.48,2.47,2.47
84.65,5.17,2.75,5.17,2.75,-2.75,-2.35,2.42,2.42,2.42
85.50,5.14,2.76,5.14,2.77,-2.77,-2.38,2.37,2.37,2.38
86.35,5.12,2.80,5.11,2.79,-2.79,-2.41,2.33,2.32,2.32
87.22,5.09,2.81,5.09,2.81,-2.81,-2.44,2.28,2.28,2.28
88.09,5.06,2.83,5.06,2.83,-2.83,-2.47,2.23,2.23,2.23
88.97,5.04,2.86,5.04,2.86,-2.86,-2.51,2.18,2.18,2.18
89.86,5.01,2.88,5.01,2.88,-2.88,-2.55,2.13,2.13,2.13
90.76,4.98,2.91,4.98,2.90,-2.90,-2.59,2.07,2.08,2.07
91.66,4.95,2.92,4.95,2.93,-2.93,-2.63,2.02,2.02,2.03
92.58,4.93,2.96,4.93,2.96,-2.95,-2.67,1.97,1.97,1.97
93.51,4.90,2.99,4.90,2.98,-2.98,-2.72,1.92,1.92,1.91
94.44,4.87,3.00,4.87,3.01,-3.00,-2.76,1.87,1.87,1.87
95.39,4.84,3.03,4.84,3.03,-3.03,-2.81,1.81,1.81,1.81
96.34,4.81,3.05,4.81,3.05,-3.05,-2.86,1.76,1.76,1.76
97.30,4.78,3.08,4.78,3.07,-3.07,-2.91,1.71,1.71,1.70
98.28,4.75,3.09,4.75,3.09,-3.09,-2.97,1.66,1.66,1.66
99.26,4.72,3.12,4.72,3.11,-3.12,-3.02,1.60,1.60,1.60
100.25,4.68,3.13,4.68,3.13,-3.14,-3.08,1.54,1.54,1.55
101.25,4.65,3.16,4.65,3.16,-3.17,-3.13,1.48,1.48,1.49
102.27,4.62,3.19,4.62,3.19,-3.19,-3.19,1.43,1.43,1.43
103.29,4.59,3.22,4.59,3.22,-3.22,-3.25,1.37,1.37,1.37
104.32,4.56,3.25,4.56,3.25,-3.24,-3.30,1.32,1.32,1.31
105.37,4.53,3.28,4.53,3.27,-3.27,-3.36,1.26,1.26,1.25
106.42,4.50,3.29,4.50,3.29,-3.29,-3.42,1.21,1.21,1.21
107.48,4.47,3.31,4.47,3.31,-3.32,-3.47,1.15,1.15,1.16
108.56,4.44,3.34,4.44,3.33,-3.34,-3.53,1.10,1.10,1.10
109.64,4.41,3.36,4.41,3.36,-3.36,-3.58,1.05,1.05,1.05
110.74,4.38,3.38,4.38,3.38,-3.38,-3.63,0.99,1.00,1.00
111.85,4.35,3.41,4.35,3.41,-3.41,-3.69,0.94,0.94,0.94
112.97,4.32,3.44,4.32,3.43,-3.43,-3.73,0.89,0.89,0.88
114.10,4.28,3.45,4.28,3.45,-3.45,-3.78,0.83,0.83,0.83
115.24,4.25,3.47,4.25,3.47,-3.47,-3.82,0.78,0.78,0.78
116.39,4.22,3.49,4.22,3.49,-3.49,-3.86,0.73,0.73,0.73
117.55,4.19,3.52,4.19,3.51,-3.51,-3.89,0.68,0.68,0.67
118.73,4.15,3.52,4.15,3.52,-3.53,-3.92,0.62,0.63,0.63
119.92,4.12,3.54,4.12,3.54,-3.55,-3.95,0.57,0.57,0.58
121.12,4.09,3.56,4.09,3.56,-3.56,-3.97,0.53,0.52,0.53
122.33,4.05,3.58,4.05,3.58,-3.58,-3.99,0.47,0.47,0.47
123.55,4.02,3.61,4.02,3.60,-3.59,-4.00,0.43,0.42,0.41
124.79,3.98,3.61,3.98,3.61,-3.60,-4.00,0.37,0.37,0.37
126.03,3.94,3.62,3.94,3.62,-3.62,-4.01,0.32,0.32,0.32
127.29,3.90,3.63,3.90,3.63,-3.63,-4.00,0.27,0.27,0.27
128.57,3.87,3.64,3.87,3.63,-3.64,-4.00,0.23,0.22,0.23
129.85,3.83,3.64,3.83,3.64,-3.65,-3.98,0.17,0.18,0.19
131.15,3.80,3.66,3.80,3.66,-3.66,-3.97,0.13,0.13,0.14
132.46,3.76,3.68,3.76,3.68,-3.67,-3.94,0.08,0.09,0.08
133.79,3.73,3.70,3.73,3.69,-3.68,-3.92,0.05,0.04,0.03
135.12,3.69,3.70,3.69,3.70,-3.69,-3.88,-0.00,-0.00,-0.01
136.48,3.65,3.70,3.65,3.70,-3.70,-3.85,-0.05,-0.05,-0.05
137.84,3.62,3.71,3.61,3.70,-3.71,-3.81,-0.09,-0.09,-0.09
139.22,3.57,3.70,3.58,3.71,-3.71,-3.78,-0.14,-0.14,-0.13
140.61,3.54,3.71,3.54,3.71,-3.71,-3.73,-0.17,-0.18,-0.17
142.02,3.50,3.72,3.50,3.71,-3.71,-3.69,-0.22,-0.22,-0.22
143.44,3.46,3.72,3.46,3.72,-3.72,-3.64,-0.26,-0.26,-0.26
144.87,3.42,3.72,3.42,3.72,-3.72,-3.60,-0.30,-0.30,-0.30
146.32,3.38,3.71,3.38,3.71,-3.71,-3.55,-0.34,-0.33,-0.33
147.78,3.34,3.71,3.34,3.71,-3.71,-3.50,-0.37,-0.37,-0.37
149.26,3.31,3.72,3.31,3.71,-3.71,-3.45,-0.40,-0.40,-0.41
150.75,3.27,3.71,3.27,3.71,-3.70,-3.40,-0.44,-0.44,-0.44
152.26,3.22,3.69,3.22,3.70,-3.70,-3.35,-0.48,-0.48,-0.47
153.78,3.18,3.69,3.18,3.69,-3.69,-3.30,-0.51,-0.52,-0.51
155.32,3.13,3.68,3.13,3.68,-3.68,-3.26,-0.56,-0.55,-0.55
156.88,3.09,3.68,3.09,3.68,-3.67,-3.21,-0.58,-0.58,-0.59
158.44,3.05,3.67,3.05,3.67,-3.66,-3.16,-0.61,-0.61,-0.62
160.03,3.01,3.66,3.01,3.66,-3.65,-3.12,-0.64,-0.64,-0.65
161.63,2.96,3.64,2.96,3.64,-3.64,-3.08,-0.68,-0.68,-0.68
163.24,2.91,3.61,2.91,3.62,-3.62,-3.04,-0.71,-0.71,-0.70
164.88,2.87,3.60,2.87,3.60,-3.60,-3.00,-0.74,-0.74,-0.73
166.53,2.82,3.58,2.82,3.58,-3.59,-2.96,-0.77,-0.76,-0.76
168.19,2.78,3.57,2.78,3.57,-3.57,-2.93,-0.79,-0.79,-0.79
169.87,2.74,3.56,2.74,3.55,-3.55,-2.90,-0.81,-0.81,-0.82
171.57,2.69,3.53,2.69,3.53,-3.53,-2.87,-0.84,-0.84,-0.84
173.29,2.64,3.50,2.64,3.50,-3.50,-2.84,-0.87,-0.86,-0.86
175.02,2.59,3.48,2.59,3.48,-3.48,-2.81,-0.89,-0.89,-0.89
176.77,2.55,3.46,2.55,3.45,-3.46,-2.79,-0.91,-0.91,-0.91
178.54,2.50,3.43,2.50,3.43,-3.43,-2.77,-0.93,-0.93,-0.93
180.32,2.45,3.40,2.45,3.40,-3.40,-2.75,-0.95,-0.95,-0.95
182.13,2.40,3.37,2.40,3.37,-3.37,-2.73,-0.97,-0.97,-0.97
183.95,2.35,3.34,2.35,3.34,-3.34,-2.72,-0.99,-0.99,-0.99
185.79,2.30,3.31,2.30,3.31,-3.31,-2.70,-1.01,-1.01,-1.01
187.65,2.24,3.27,2.25,3.28,-3.28,-2.69,-1.04,-1.03,-1.03
189.52,2.20,3.25,2.20,3.25,-3.25,-2.68,-1.05,-1.05,-1.05
191.42,2.15,3.22,2.15,3.22,-3.21,-2.68,-1.07,-1.07,-1.07
193.33,2.10,3.19,2.10,3.19,-3.18,-2.67,-1.08,-1.09,-1.09
195.27,2.04,3.15,2.04,3.15,-3.15,-2.67,-1.11,-1.11,-1.11
197.22,1.99,3.11,1.99,3.11,-3.11,-2.67,-1.12,-1.12,-1.12
199.19,1.94,3.08,1.94,3.08,-3.08,-2.66,-1.14,-1.14,-1.14
201.18,1.89,3.04,1.89,3.04,-3.04,-2.67,-1.15,-1.15,-1.15
203.19,1.83,3.00,1.83,3.00,-3.00,-2.67,-1.17,-1.17,-1.17
205.23,1.78,2.96,1.78,2.96,-2.96,-2.67,-1.18,-1.18,-1.18
207.28,1.73,2.93,1.72,2.92,-2.92,-2.67,-1.19,-1.20,-1.20
209.35,1.67,2.88,1.67,2.88,-2.88,-2.67,-1.21,-1.21,-1.21
211.44,1.62,2.84,1.62,2.84,-2.84,-2.68,-1.22,-1.22,-1.22
213.56,1.57,2.80,1.57,2.80,-2.80,-2.68,-1.23,-1.23,-1.23
215.69,1.52,2.77,1.52,2.76,-2.76,-2.68,-1.24,-1.24,-1.25
217.85,1.47,2.72,1.47,2.72,-2.72,-2.69,-1.25,-1.25,-1.25
220.03,1.42,2.68,1.42,2.68,-2.68,-2.69,-1.26,-1.26,-1.26
222.23,1.36,2.63,1.36,2.63,-2.63,-2.69,-1.28,-1.27,-1.27
224.45,1.31,2.59,1.31,2.59,-2.59,-2.68,-1.28,-1.28,-1.28
226.70,1.26,2.55,1.26,2.55,-2.55,-2.68,-1.29,-1.29,-1.29
228.96,1.21,2.51,1.21,2.51,-2.51,-2.67,-1.30,-1.30,-1.30
231.25,1.16,2.47,1.16,2.47,-2.47,-2.66,-1.31,-1.31,-1.31
233.57,1.11,2.44,1.11,2.43,-2.43,-2.65,-1.32,-1.32,-1.33
235.90,1.06,2.39,1.06,2.39,-2.39,-2.64,-1.33,-1.33,-1.33
238.26,1.01,2.35,1.01,2.35,-2.35,-2.62,-1.34,-1.34,-1.34
240.64,0.96,2.31,0.96,2.31,-2.31,-2.60,-1.35,-1.35,-1.35
243.05,0.91,2.27,0.91,2.27,-2.26,-2.57,-1.35,-1.35,-1.36
245.48,0.86,2.22,0.86,2.22,-2.22,-2.54,-1.36,-1.36,-1.36
247.93,0.80,2.17,0.80,2.17,-2.17,-2.51,-1.37,-1.37,-1.37
250.41,0.75,2.12,0.75,2.12,-2.12,-2.47,-1.37,-1.37,-1.37
252.92,0.69,2.07,0.69,2.07,-2.07,-2.43,-1.38,-1.38,-1.38
255.45,0.63,2.01,0.63,2.02,-2.02,-2.38,-1.39,-1.38,-1.38
258.00,0.58,1.97,0.58,1.96,-1.96,-2.33,-1.38,-1.39,-1.39
260.58,0.52,1.91,0.52,1.91,-1.91,-2.28,-1.39,-1.39,-1.39
263.19,0.46,1.85,0.46,1.85,-1.85,-2.22,-1.39,-1.39,-1.39
265.82,0.40,1.80,0.40,1.79,-1.80,-2.16,-1.40,-1.40,-1.40
268.48,0.35,1.74,0.34,1.74,-1.74,-2.09,-1.39,-1.40,-1.39
271.16,0.28,1.68,0.28,1.68,-1.68,-2.02,-1.40,-1.40,-1.40
273.87,0.23,1.63,0.22,1.62,-1.62,-1.94,-1.40,-1.40,-1.40
276.61,0.16,1.56,0.16,1.57,-1.57,-1.87,-1.41,-1.40,-1.40
279.38,0.11,1.51,0.11,1.51,-1.51,-1.79,-1.40,-1.40,-1.40
282.17,0.05,1.45,0.05,1.45,-1.45,-1.70,-1.40,-1.40,-1.40
284.99,-0.01,1.39,-0.01,1.39,-1.39,-1.62,-1.40,-1.40,-1.40
287.84,-0.07,1.33,-0.07,1.33,-1.33,-1.53,-1.40,-1.40,-1.40
290.72,-0.13,1.27,-0.13,1.27,-1.27,-1.44,-1.40,-1.40,-1.40
293.63,-0.19,1.21,-0.19,1.21,-1.21,-1.35,-1.40,-1.40,-1.40
296.57,-0.25,1.15,-0.25,1.15,-1.15,-1.25,-1.40,-1.40,-1.40
299.53,-0.31,1.09,-0.31,1.09,-1.09,-1.16,-1.40,-1.40,-1.40
302.53,-0.36,1.04,-0.37,1.03,-1.03,-1.06,-1.39,-1.40,-1.40
305.55,-0.43,0.96,-0.42,0.97,-0.97,-0.96,-1.40,-1.39,-1.39
308.61,-0.48,0.91,-0.48,0.91,-0.91,-0.86,-1.39,-1.39,-1.39
311.69,-0.54,0.85,-0.54,0.85,-0.85,-0.76,-1.39,-1.39,-1.39
314.81,-0.60,0.79,-0.60,0.79,-0.79,-0.66,-1.39,-1.39,-1.39
317.96,-0.66,0.73,-0.66,0.73,-0.73,-0.56,-1.39,-1.39,-1.39
321.14,-0.72,0.67,-0.72,0.68,-0.67,-0.46,-1.40,-1.39,-1.39
324.35,-0.77,0.63,-0.77,0.62,-0.61,-0.36,-1.39,-1.39,-1.40
327.59,-0.83,0.56,-0.83,0.56,-0.55,-0.25,-1.39,-1.39,-1.39
330.87,-0.89,0.50,-0.89,0.50,-0.49,-0.15,-1.38,-1.38,-1.39
334.18,-0.95,0.43,-0.95,0.43,-0.43,-0.04,-1.38,-1.38,-1.38
337.52,-1.01,0.36,-1.01,0.37,-0.37,0.06,-1.38,-1.38,-1.37
340.90,-1.06,0.31,-1.07,0.30,-0.31,0.17,-1.37,-1.38,-1.37
344.30,-1.12,0.25,-1.12,0.25,-0.25,0.28,-1.37,-1.37,-1.37
347.75,-1.18,0.18,-1.18,0.19,-0.19,0.38,-1.37,-1.36,-1.36
351.23,-1.23,0.14,-1.24,0.13,-0.13,0.49,-1.36,-1.36,-1.37
354.74,-1.29,0.07,-1.29,0.07,-0.07,0.60,-1.36,-1.36,-1.36
358.28,-1.35,-0.00,-1.35,0.01,-0.01,0.71,-1.36,-1.35,-1.35
361.87,-1.40,-0.05,-1.40,-0.06,0.06,0.82,-1.34,-1.35,-1.35
365.49,-1.46,-0.12,-1.46,-0.12,0.12,0.93,-1.34,-1.34,-1.34
369.14,-1.52,-0.20,-1.52,-0.19,0.19,1.04,-1.34,-1.33,-1.32
372.83,-1.58,-0.25,-1.58,-0.25,0.25,1.15,-1.33,-1.33,-1.33
376.56,-1.64,-0.31,-1.64,-0.32,0.32,1.26,-1.32,-1.32,-1.33
380.33,-1.70,-0.38,-1.70,-0.38,0.39,1.37,-1.31,-1.31,-1.32
384.13,-1.76,-0.46,-1.76,-0.45,0.45,1.48,-1.31,-1.31,-1.30
387.97,-1.82,-0.52,-1.82,-0.52,0.52,1.59,-1.30,-1.30,-1.30
391.85,-1.88,-0.59,-1.88,-0.59,0.59,1.70,-1.29,-1.29,-1.29
395.77,-1.93,-0.66,-1.93,-0.66,0.65,1.81,-1.28,-1.28,-1.27
399.73,-1.99,-0.72,-1.99,-0.72,0.72,1.93,-1.27,-1.27,-1.27
403.72,-2.04,-0.79,-2.04,-0.79,0.78,2.04,-1.26,-1.26,-1.25
407.76,-2.09,-0.85,-2.09,-0.85,0.85,2.15,-1.24,-1.24,-1.24
411.84,-2.14,-0.91,-2.14,-0.91,0.91,2.25,-1.23,-1.23,-1.23
415.96,-2.19,-0.97,-2.19,-0.97,0.98,2.36,-1.21,-1.22,-1.22
420.12,-2.25,-1.04,-2.25,-1.04,1.04,2.47,-1.21,-1.21,-1.21
424.32,-2.31,-1.12,-2.31,-1.11,1.11,2.57,-1.20,-1.20,-1.19
428.56,-2.36,-1.18,-2.36,-1.18,1.17,2.67,-1.19,-1.19,-1.18
432.85,-2.41,-1.24,-2.41,-1.24,1.24,2.77,-1.17,-1.17,-1.17
437.18,-2.46,-1.30,-2.46,-1.30,1.30,2.87,-1.16,-1.16,-1.16
441.55,-2.52,-1.37,-2.52,-1.37,1.37,2.96,-1.15,-1.15,-1.15
445.96,-2.57,-1.44,-2.57,-1.43,1.44,3.05,-1.13,-1.13,-1.13
450.42,-2.62,-1.50,-2.63,-1.50,1.50,3.13,-1.12,-1.12,-1.12
454.93,-2.68,-1.57,-2.68,-1.57,1.57,3.21,-1.11,-1.11,-1.11
459.48,-2.73,-1.64,-2.73,-1.64,1.64,3.29,-1.09,-1.09,-1.09
464.07,-2.78,-1.71,-2.78,-1.71,1.71,3.36,-1.08,-1.08,-1.07
468.71,-2.84,-1.78,-2.84,-1.78,1.78,3.42,-1.07,-1.06,-1.06
473.40,-2.89,-1.84,-2.89,-1.84,1.85,3.47,-1.04,-1.05,-1.05
478.13,-2.95,-1.92,-2.95,-1.92,1.92,3.52,-1.03,-1.03,-1.03
482.91,-3.00,-1.99,-3.00,-1.99,1.99,3.56,-1.01,-1.01,-1.01
487.74,-3.05,-2.06,-3.05,-2.06,2.06,3.60,-0.99,-0.99,-0.99
492.62,-3.10,-2.13,-3.11,-2.13,2.13,3.62,-0.97,-0.97,-0.97
497.55,-3.16,-2.21,-3.16,-2.20,2.20,3.64,-0.96,-0.96,-0.95
502.52,-3.21,-2.28,-3.21,-2.27,2.27,3.65,-0.94,-0.94,-0.93
507.55,-3.25,-2.34,-3.26,-2.34,2.33,3.65,-0.92,-0.92,-0.91
512.62,-3.30,-2.40,-3.30,-2.40,2.40,3.64,-0.90,-0.90,-0.90
517.75,-3.35,-2.46,-3.35,-2.46,2.46,3.63,-0.89,-0.89,-0.89
522.93,-3.39,-2.52,-3.39,-2.52,2.52,3.61,-0.87,-0.87,-0.87
528.16,-3.44,-2.58,-3.44,-2.58,2.58,3.58,-0.86,-0.85,-0.86
533.44,-3.48,-2.65,-3.48,-2.64,2.65,3.54,-0.83,-0.83,-0.83
538.77,-3.52,-2.71,-3.52,-2.71,2.71,3.50,-0.81,-0.81,-0.81
544.16,-3.57,-2.78,-3.57,-2.78,2.77,3.45,-0.80,-0.79,-0.79
549.60,-3.61,-2.85,-3.61,-2.84,2.84,3.39,-0.77,-0.77,-0.77
555.10,-3.66,-2.91,-3.66,-2.91,2.90,3.33,-0.76,-0.75,-0.76
560.65,-3.70,-2.97,-3.70,-2.97,2.97,3.27,-0.73,-0.74,-0.74
566.25,-3.75,-3.04,-3.75,-3.03,3.03,3.20,-0.72,-0.72,-0.72
571.92,-3.79,-3.09,-3.79,-3.09,3.09,3.13,-0.70,-0.70,-0.70
577.64,-3.83,-3.15,-3.83,-3.16,3.16,3.05,-0.68,-0.68,-0.68
583.41,-3.87,-3.21,-3.87,-3.21,3.22,2.97,-0.65,-0.65,-0.66
589.25,-3.91,-3.27,-3.91,-3.28,3.28,2.89,-0.63,-0.63,-0.64
595.14,-3.95,-3.33,-3.95,-3.34,3.34,2.81,-0.61,-0.62,-0.62
601.09,-4.00,-3.40,-4.00,-3.40,3.40,2.72,-0.61,-0.60,-0.60
607.10,-4.04,-3.45,-4.04,-3.46,3.45,2.64,-0.59,-0.59,-0.59
613.17,-4.08,-3.51,-4.08,-3.51,3.51,2.55,-0.57,-0.57,-0.57
619.30,-4.11,-3.56,-4.12,-3.57,3.57,2.47,-0.54,-0.55,-0.55
625.50,-4.15,-3.62,-4.15,-3.62,3.63,2.38,-0.52,-0.52,-0.53
631.75,-4.19,-3.68,-4.19,-3.68,3.68,2.29,-0.51,-0.50,-0.51
638.07,-4.22,-3.73,-4.22,-3.74,3.74,2.20,-0.48,-0.49,-0.49
644.45,-4.26,-3.80,-4.26,-3.79,3.79,2.12,-0.47,-0.47,-0.46
650.89,-4.29,-3.84,-4.29,-3.84,3.85,2.03,-0.45,-0.45,-0.45
657.40,-4.33,-3.89,-4.33,-3.90,3.89,1.94,-0.44,-0.44,-0.44
663.98,-4.36,-3.94,-4.36,-3.94,3.94,1.86,-0.42,-0.42,-0.42
670.62,-4.40,-4.00,-4.39,-3.99,3.98,1.78,-0.42,-0.41,-0.40
677.32,-4.41,-4.02,-4.41,-4.02,4.02,1.69,-0.39,-0.39,-0.39
684.10,-4.42,-4.05,-4.42,-4.05,4.05,1.61,-0.37,-0.37,-0.37
690.94,-4.43,-4.08,-4.43,-4.08,4.08,1.53,-0.35,-0.35,-0.35
697.85,-4.44,-4.10,-4.44,-4.10,4.11,1.45,-0.34,-0.34,-0.34
704.83,-4.46,-4.13,-4.45,-4.13,4.13,1.37,-0.33,-0.33,-0.33
711.87,-4.46,-4.15,-4.46,-4.14,4.15,1.29,-0.31,-0.31,-0.31
718.99,-4.46,-4.16,-4.46,-4.16,4.17,1.21,-0.29,-0.30,-0.30
726.18,-4.46,-4.18,-4.46,-4.18,4.18,1.14,-0.28,-0.28,-0.28
733.44,-4.46,-4.20,-4.46,-4.19,4.19,1.06,-0.27,-0.27,-0.26
740.78,-4.45,-4.19,-4.46,-4.20,4.19,0.99,-0.26,-0.27,-0.27
748.19,-4.45,-4.20,-4.44,-4.20,4.19,0.91,-0.26,-0.25,-0.25
755.67,-4.42,-4.19,-4.41,-4.18,4.18,0.84,-0.24,-0.23,-0.23
763.23,-4.36,-4.15,-4.37,-4.16,4.16,0.77,-0.20,-0.21,-0.21
770.86,-4.32,-4.12,-4.33,-4.13,4.14,0.70,-0.18,-0.19,-0.20
778.57,-4.28,-4.10,-4.28,-4.10,4.10,0.63,-0.18,-0.18,-0.18
786.35,-4.24,-4.08,-4.23,-4.07,4.06,0.57,-0.18,-0.17,-0.16
794.22,-4.17,-4.01,-4.17,-4.01,4.01,0.50,-0.16,-0.16,-0.16
802.16,-4.08,-3.94,-4.08,-3.94,3.95,0.44,-0.14,-0.14,-0.14
810.18,-3.98,-3.86,-3.99,-3.86,3.87,0.37,-0.11,-0.12,-0.12
818.28,-3.89,-3.78,-3.90,-3.79,3.78,0.31,-0.11,-0.11,-0.11
826.46,-3.80,-3.71,-3.79,-3.70,3.68,0.25,-0.12,-0.11,-0.09
834.73,-3.68,-3.60,-3.67,-3.58,3.57,0.19,-0.11,-0.10,-0.08
843.08,-3.52,-3.44,-3.53,-3.45,3.45,0.13,-0.07,-0.08,-0.09
851.51,-3.36,-3.30,-3.37,-3.30,3.31,0.07,-0.05,-0.05,-0.07
860.02,-3.21,-3.16,-3.21,-3.16,3.17,0.02,-0.04,-0.04,-0.05
868.62,-3.04,-3.01,-3.04,-3.02,3.01,-0.04,-0.03,-0.03,-0.03
877.31,-2.87,-2.86,-2.86,-2.85,2.84,-0.09,-0.03,-0.02,-0.01
886.08,-2.66,-2.67,-2.66,-2.67,2.66,-0.14,0.00,-0.00,0.01
894.94,-2.45,-2.47,-2.46,-2.48,2.48,-0.19,0.03,0.02,0.02
903.89,-2.24,-2.28,-2.24,-2.28,2.29,-0.24,0.04,0.05,0.04
912.93,-2.02,-2.08,-2.02,-2.08,2.09,-0.28,0.07,0.07,0.06
922.06,-1.80,-1.89,-1.80,-1.89,1.88,-0.33,0.08,0.08,0.09
931.28,-1.58,-1.68,-1.58,-1.68,1.68,-0.37,0.09,0.10,0.10
940.59,-1.35,-1.48,-1.35,-1.48,1.47,-0.41,0.12,0.12,0.13
950.00,-1.11,-1.26,-1.12,-1.27,1.27,-0.44,0.15,0.15,0.15
959.50,-0.89,-1.06,-0.89,-1.06,1.06,-0.48,0.17,0.18,0.17
969.09,-0.66,-0.85,-0.67,-0.86,0.87,-0.51,0.21,0.20,0.19
978.78,-0.45,-0.67,-0.45,-0.67,0.68,-0.54,0.22,0.23,0.22
988.57,-0.24,-0.49,-0.24,-0.49,0.49,-0.56,0.25,0.25,0.24
998.46,-0.03,-0.31,-0.03,-0.31,0.31,-0.59,0.28,0.28,0.28
1008.44,0.17,-0.15,0.17,-0.14,0.14,-0.61,0.31,0.32,0.32
1018.53,0.38,0.03,0.37,0.02,-0.02,-0.63,0.36,0.35,0.35
1028.71,0.56,0.17,0.56,0.17,-0.17,-0.65,0.39,0.39,0.39
1039.00,0.75,0.32,0.75,0.32,-0.32,-0.66,0.43,0.43,0.43
1049.39,0.93,0.47,0.93,0.47,-0.46,-0.67,0.47,0.47,0.46
1059.88,1.11,0.61,1.11,0.61,-0.60,-0.68,0.51,0.51,0.50
1070.48,1.29,0.74,1.29,0.74,-0.73,-0.69,0.55,0.55,0.55
1081.19,1.46,0.86,1.46,0.87,-0.87,-0.70,0.59,0.59,0.60
1092.00,1.63,0.99,1.63,0.99,-1.00,-0.70,0.63,0.64,0.63
1102.92,1.81,1.13,1.80,1.12,-1.13,-0.70,0.68,0.68,0.68
1113.95,1.98,1.25,1.98,1.25,-1.26,-0.71,0.72,0.72,0.73
1125.09,2.15,1.38,2.16,1.39,-1.39,-0.71,0.76,0.76,0.77
1136.34,2.34,1.53,2.34,1.53,-1.53,-0.71,0.81,0.81,0.80
1147.70,2.53,1.68,2.52,1.67,-1.66,-0.70,0.87,0.86,0.85
1159.18,2.71,1.81,2.71,1.81,-1.81,-0.70,0.90,0.91,0.90
1170.77,2.91,1.95,2.90,1.95,-1.95,-0.70,0.96,0.95,0.96
1182.48,3.10,2.09,3.10,2.09,-2.10,-0.69,1.00,1.00,1.01
1194.30,3.31,2.24,3.31,2.25,-2.26,-0.69,1.05,1.06,1.07
1206.25,3.53,2.41,3.53,2.41,-2.42,-0.68,1.11,1.11,1.12
1218.31,3.75,2.59,3.75,2.58,-2.58,-0.68,1.17,1.17,1.16
1230.49,3.97,2.76,3.97,2.76,-2.75,-0.67,1.22,1.22,1.21
1242.80,4.19,2.92,4.19,2.93,-2.92,-0.66,1.26,1.27,1.26
1255.22,4.43,3.10,4.43,3.10,-3.11,-0.66,1.32,1.32,1.33
1267.78,4.68,3.29,4.68,3.29,-3.29,-0.65,1.39,1.38,1.39
1280.45,4.93,3.48,4.93,3.47,-3.48,-0.64,1.45,1.45,1.45
1293.26,5.18,3.66,5.18,3.67,-3.67,-0.64,1.50,1.50,1.52
1306.19,5.43,3.86,5.43,3.87,-3.87,-0.63,1.56,1.56,1.56
1319.25,5.68,4.07,5.68,4.07,-4.06,-0.63,1.62,1.62,1.61
1332.45,5.93,4.26,5.93,4.26,-4.26,-0.62,1.67,1.67,1.66
1345.77,6.18,4.45,6.18,4.45,-4.45,-0.62,1.73,1.73,1.73
1359.23,6.43,4.63,6.43,4.63,-4.63,-0.62,1.79,1.80,1.79
1372.82,6.68,4.81,6.67,4.81,-4.82,-0.61,1.86,1.86,1.87
1386.55,6.91,4.98,6.91,4.98,-4.99,-0.61,1.92,1.91,1.92
1400.41,7.12,5.14,7.12,5.15,-5.16,-0.61,1.96,1.97,1.98
1414.42,7.33,5.31,7.33,5.30,-5.30,-0.61,2.03,2.03,2.02
1428.56,7.53,5.44,7.53,5.44,-5.43,-0.61,2.10,2.10,2.09
1442.85,7.73,5.57,7.74,5.57,-5.55,-0.60,2.18,2.19,2.16
1457.28,7.92,5.67,7.91,5.67,-5.65,-0.60,2.27,2.26,2.24
1471.85,8.06,5.74,8.05,5.73,-5.73,-0.60,2.33,2.32,2.32
1486.57,8.14,5.75,8.15,5.76,-5.79,-0.61,2.35,2.36,2.39
1501.43,8.22,5.77,8.22,5.79,-5.82,-0.61,2.40,2.41,2.44
1516.45,8.29,5.81,8.30,5.81,-5.81,-0.61,2.48,2.49,2.48
1531.61,8.37,5.82,8.38,5.82,-5.78,-0.61,2.59,2.59,2.55
1546.93,8.44,5.81,8.41,5.78,-5.73,-0.62,2.71,2.68,2.63
1562.40,8.41,5.68,8.40,5.68,-5.65,-0.62,2.76,2.75,2.72
1578.02,8.33,5.52,8.34,5.54,-5.55,-0.62,2.78,2.79,2.81
1593.80,8.25,5.36,8.26,5.38,-5.43,-0.63,2.82,2.83,2.89
1609.74,8.18,5.24,8.18,5.24,-5.27,-0.63,2.91,2.91,2.94
1625.84,8.09,5.10,8.10,5.10,-5.09,-0.64,3.00,3.01,2.99
1642.10,8.01,4.94,8.00,4.93,-4.89,-0.64,3.12,3.11,3.07
1658.52,7.90,4.74,7.88,4.72,-4.68,-0.65,3.21,3.20,3.16
1675.10,7.73,4.47,7.73,4.47,-4.47,-0.65,3.26,3.27,3.26
1691.85,7.56,4.20,7.56,4.21,-4.24,-0.66,3.32,3.33,3.36
1708.77,7.39,3.95,7.39,3.96,-3.99,-0.66,3.40,3.40,3.44
1725.86,7.23,3.73,7.23,3.73,-3.73,-0.66,3.50,3.50,3.50
1743.12,7.07,3.51,7.07,3.48,-3.47,-0.67,3.60,3.60,3.56
1760.55,6.90,3.22,6.90,3.22,-3.20,-0.67,3.70,3.70,3.68
1778.15,6.73,2.93,6.73,2.93,-2.93,-0.68,3.80,3.79,3.80
1795.94,6.55,2.64,6.55,2.64,-2.66,-0.68,3.89,3.89,3.91
1813.90,6.37,2.35,6.37,2.37,-2.38,-0.68,3.99,3.99,4.02
1832.03,6.20,2.10,6.20,2.10,-2.10,-0.68,4.10,4.10,4.10
1850.36,6.02,1.86,6.02,1.84,-1.82,-0.68,4.20,4.20,4.16
1868.86,5.85,1.56,5.85,1.56,-1.54,-0.68,4.31,4.31,4.29
1887.55,5.68,1.25,5.68,1.26,-1.27,-0.68,4.41,4.41,4.43
1906.42,5.53,0.96,5.53,0.96,-1.00,-0.68,4.53,4.53,4.57
1925.49,5.39,0.69,5.39,0.70,-0.72,-0.68,4.67,4.67,4.70
1944.74,5.25,0.46,5.25,0.46,-0.44,-0.67,4.80,4.80,4.79
1964.19,5.11,0.23,5.11,0.21,-0.17,-0.67,4.94,4.94,4.88
1983.83,4.97,-0.05,4.97,-0.06,0.09,-0.66,5.06,5.06,5.02
2003.67,4.84,-0.35,4.83,-0.36,0.35,-0.65,5.18,5.18,5.19
2023.71,4.70,-0.66,4.70,-0.64,0.60,-0.64,5.30,5.30,5.36
2043.94,4.58,-0.90,4.59,-0.88,0.84,-0.63,5.42,5.43,5.48
2064.38,4.50,-1.07,4.50,-1.09,1.08,-0.62,5.58,5.58,5.57
2085.03,4.43,-1.27,4.42,-1.29,1.32,-0.60,5.75,5.74,5.70
2105.88,4.35,-1.52,4.35,-1.52,1.55,-0.59,5.89,5.90,5.87
2126.94,4.28,-1.77,4.28,-1.76,1.76,-0.57,6.04,6.04,6.05
2148.20,4.21,-1.99,4.20,-1.98,1.97,-0.55,6.18,6.18,6.20
2169.69,4.13,-2.17,4.13,-2.17,2.18,-0.53,6.31,6.30,6.30
2191.38,4.05,-2.34,4.06,-2.36,2.37,-0.51,6.42,6.43,6.39
2213.30,4.00,-2.56,4.00,-2.56,2.55,-0.49,6.55,6.55,6.56
2235.43,3.97,-2.77,3.97,-2.76,2.73,-0.47,6.70,6.70,6.74
2257.78,3.96,-2.94,3.96,-2.92,2.89,-0.45,6.85,6.85,6.90
2280.36,3.96,-3.04,3.95,-3.04,3.05,-0.42,7.01,7.00,7.00
2303.17,3.95,-3.14,3.95,-3.15,3.20,-0.40,7.15,7.15,7.09
2326.20,3.95,-3.27,3.95,-3.28,3.34,-0.37,7.29,7.28,7.22
2349.46,3.94,-3.43,3.93,-3.44,3.46,-0.35,7.40,7.40,7.37
2372.95,3.93,-3.61,3.92,-3.60,3.57,-0.32,7.50,7.49,7.54
2396.68,3.92,-3.75,3.93,-3.72,3.67,-0.29,7.59,7.59,7.67
2420.65,3.95,-3.79,3.96,-3.79,3.75,-0.27,7.70,7.71,7.74
2444.86,4.02,-3.82,4.02,-3.83,3.83,-0.24,7.85,7.85,7.83
2469.31,4.10,-3.86,4.09,-3.86,3.89,-0.21,7.99,7.98,7.96
2494.00,4.17,-3.90,4.17,-3.90,3.94,-0.18,8.11,8.11,8.07
2518.94,4.24,-3.95,4.24,-3.95,3.97,-0.15,8.20,8.21,8.19
2544.13,4.32,-3.98,4.32,-3.97,3.98,-0.12,8.30,8.30,8.29
2569.57,4.39,-3.98,4.38,-3.99,3.99,-0.09,8.38,8.37,8.37
2595.27,4.46,-3.98,4.45,-3.99,3.98,-0.06,8.44,8.43,8.44
2621.22,4.53,-3.98,4.54,-3.97,3.95,-0.03,8.48,8.49,8.51
2647.43,4.66,-3.93,4.66,-3.92,3.90,-0.00,8.56,8.56,8.59
2673.90,4.82,-3.84,4.81,-3.85,3.83,0.03,8.64,8.64,8.66
2700.64,4.99,-3.74,4.99,-3.74,3.73,0.06,8.72,8.72,8.73
2727.65,5.16,-3.62,5.16,-3.61,3.63,0.09,8.79,8.79,8.77
2754.93,5.34,-3.47,5.34,-3.48,3.50,0.12,8.84,8.84,8.81
2782.48,5.51,-3.33,5.50,-3.34,3.36,0.15,8.87,8.87,8.84
2810.30,5.68,-3.20,5.68,-3.20,3.21,0.18,8.89,8.88,8.87
2838.40,5.85,-3.06,5.86,-3.05,3.04,0.21,8.89,8.90,8.91
2866.79,6.06,-2.87,6.06,-2.88,2.85,0.25,8.91,8.91,8.93
2895.46,6.28,-2.69,6.28,-2.68,2.65,0.28,8.93,8.93,8.97
2924.41,6.51,-2.47,6.51,-2.46,2.44,0.31,8.95,8.95,8.98
2953.65,6.75,-2.21,6.74,-2.23,2.21,0.34,8.96,8.96,8.96
2983.19,6.97,-1.99,6.98,-1.98,1.98,0.37,8.95,8.96,8.96
3013.02,7.21,-1.72,7.21,-1.72,1.75,0.41,8.96,8.95,8.93
3043.15,7.42,-1.47,7.41,-1.48,1.52,0.44,8.93,8.93,8.89
3073.58,7.61,-1.24,7.60,-1.25,1.28,0.47,8.89,8.89,8.85
3104.32,7.77,-1.05,7.78,-1.04,1.05,0.51,8.82,8.83,8.82
3135.36,7.94,-0.84,7.94,-0.84,0.82,0.54,8.76,8.76,8.78
3166.72,8.10,-0.63,8.10,-0.64,0.59,0.57,8.69,8.69,8.73
3198.38,8.25,-0.43,8.26,-0.42,0.36,0.61,8.61,8.62,8.67
3230.37,8.42,-0.19,8.42,-0.19,0.15,0.64,8.57,8.57,8.61
3262.67,8.58,0.05,8.59,0.06,-0.06,0.67,8.52,8.54,8.53
3295.30,8.73,0.29,8.73,0.30,-0.24,0.71,8.49,8.49,8.43
3328.25,8.87,0.54,8.82,0.49,-0.41,0.74,8.46,8.41,8.33
3361.53,8.84,0.61,8.85,0.62,-0.56,0.77,8.28,8.30,8.23
3395.15,8.83,0.69,8.84,0.70,-0.69,0.80,8.14,8.15,8.14
3429.10,8.81,0.77,8.81,0.77,-0.82,0.83,7.99,7.99,8.04
3463.39,8.80,0.85,8.80,0.85,-0.93,0.86,7.87,7.87,7.95
3498.03,8.78,0.94,8.78,0.94,-1.02,0.89,7.75,7.75,7.84
3533.01,8.76,1.05,8.77,1.05,-1.10,0.92,7.66,7.67,7.71
3568.34,8.74,1.15,8.75,1.17,-1.16,0.95,7.58,7.60,7.59
3604.02,8.73,1.28,8.72,1.27,-1.19,0.97,7.54,7.53,7.45
3640.06,8.65,1.33,8.63,1.30,-1.20,1.00,7.45,7.42,7.32
3676.46,8.47,1.26,8.45,1.24,-1.19,1.02,7.28,7.27,7.21
3713.22,8.20,1.09,8.21,1.12,-1.13,1.04,7.07,7.08,7.11
3750.36,7.93,0.96,7.94,0.98,-1.04,1.06,6.89,6.90,6.97
3787.86,7.67,0.85,7.67,0.85,-0.90,1.08,6.77,6.77,6.82
3825.74,7.40,0.72,7.40,0.74,-0.73,1.09,6.67,6.68,6.68
3864.00,7.13,0.61,7.12,0.58,-0.53,1.11,6.60,6.58,6.52
3902.64,6.80,0.40,6.79,0.39,-0.33,1.12,6.47,6.46,6.40
3941.66,6.44,0.14,6.44,0.15,-0.13,1.13,6.31,6.31,6.30
3981.08,6.07,-0.11,6.07,-0.11,0.08,1.13,6.15,6.15,6.18
4020.89,5.70,-0.35,5.70,-0.34,0.29,1.14,5.98,5.98,6.04
4061.10,5.35,-0.55,5.36,-0.54,0.50,1.14,5.84,5.85,5.90
4101.71,5.03,-0.72,5.04,-0.71,0.70,1.14,5.73,5.74,5.75
4142.73,4.76,-0.84,4.75,-0.87,0.88,1.13,5.64,5.63,5.60
4184.15,4.47,-1.03,4.47,-1.03,1.05,1.13,5.52,5.51,5.49
4226.00,4.19,-1.20,4.19,-1.19,1.19,1.12,5.38,5.38,5.39
4268.26,3.91,-1.35,3.91,-1.35,1.32,1.11,5.23,5.23,5.26
4310.94,3.64,-1.49,3.65,-1.47,1.45,1.09,5.09,5.10,5.12
4354.05,3.42,-1.58,3.42,-1.57,1.58,1.08,5.00,4.99,5.00
4397.59,3.20,-1.65,3.20,-1.66,1.70,1.06,4.90,4.90,4.85
4441.56,2.98,-1.76,2.98,-1.77,1.81,1.05,4.79,4.79,4.74
4485.98,2.76,-1.89,2.75,-1.89,1.91,1.03,4.67,4.66,4.65
4530.84,2.52,-2.03,2.52,-2.02,2.00,1.01,4.51,4.52,4.54
4576.15,2.31,-2.12,2.31,-2.12,2.07,0.99,4.38,4.38,4.43
4621.91,2.12,-2.20,2.13,-2.18,2.14,0.96,4.26,4.27,4.31
4668.13,1.99,-2.21,1.98,-2.21,2.20,0.94,4.19,4.18,4.20
4714.81,1.86,-2.22,1.85,-2.23,2.26,0.92,4.12,4.11,4.07
4761.96,1.73,-2.25,1.73,-2.25,2.31,0.89,4.03,4.04,3.98
4809.58,1.60,-2.29,1.60,-2.29,2.34,0.87,3.94,3.94,3.89
4857.67,1.47,-2.33,1.46,-2.34,2.36,0.84,3.83,3.82,3.80
4906.25,1.33,-2.38,1.32,-2.39,2.37,0.82,3.70,3.69,3.71
4955.31,1.19,-2.43,1.20,-2.42,2.36,0.79,3.55,3.56,3.62
5004.87,1.12,-2.41,1.13,-2.39,2.33,0.77,3.45,3.46,3.53
5054.91,1.12,-2.32,1.12,-2.32,2.29,0.74,3.40,3.41,3.43
5105.46,1.16,-2.20,1.15,-2.21,2.23,0.72,3.38,3.38,3.36
5156.52,1.20,-2.09,1.20,-2.09,2.15,0.69,3.35,3.34,3.29
5208.08,1.24,-1.99,1.24,-1.98,2.05,0.67,3.29,3.29,3.22
5260.16,1.28,-1.88,1.28,-1.88,1.93,0.65,3.21,3.21,3.16
5312.77,1.32,-1.77,1.31,-1.78,1.79,0.62,3.11,3.10,3.09
5365.89,1.37,-1.66,1.35,-1.67,1.63,0.60,3.00,2.98,3.02
5419.55,1.41,-1.54,1.45,-1.50,1.44,0.58,2.85,2.89,2.95
5473.75,1.61,-1.28,1.63,-1.27,1.22,0.55,2.83,2.85,2.89
5528.49,1.90,-0.95,1.88,-0.97,0.97,0.53,2.87,2.84,2.85
5583.77,2.18,-0.61,2.17,-0.63,0.67,0.51,2.85,2.84,2.79
5639.61,2.47,-0.28,2.46,-0.29,0.33,0.49,2.80,2.79,2.75
5696.00,2.77,0.06,2.78,0.08,-0.08,0.47,2.69,2.70,2.71
5752.96,3.15,0.49,3.15,0.48,-0.55,0.45,2.60,2.60,2.66
5810.49,3.59,0.97,3.55,0.94,-1.05,0.43,2.54,2.50,2.61
5868.60,4.04,1.47,4.03,1.45,-1.56,0.42,2.48,2.46,2.57
5927.28,4.58,2.05,4.59,2.05,-2.10,0.40,2.48,2.49,2.53
5986.56,5.25,2.74,5.20,2.69,-2.65,0.38,2.60,2.55,2.51
6046.42,5.95,3.47,5.78,3.30,-3.23,0.36,2.72,2.56,2.48
6106.89,6.45,3.99,6.26,3.79,-3.75,0.35,2.70,2.51,2.45
6167.96,6.80,4.37,6.56,4.11,-4.19,0.33,2.61,2.37,2.43
6229.64,7.14,4.73,6.89,4.46,-4.51,0.32,2.62,2.37,2.41
6291.93,7.51,5.11,7.29,4.87,-4.72,0.30,2.79,2.57,2.40
6354.85,8.32,5.94,7.53,5.13,-4.81,0.29,3.51,2.72,2.38
6418.40,8.51,6.14,7.44,5.05,-4.78,0.27,3.73,2.67,2.37
6482.58,7.88,5.52,6.98,4.60,-4.66,0.26,3.22,2.32,2.35
6547.41,7.22,4.88,6.05,3.69,-4.47,0.24,2.75,1.58,2.34
6612.88,6.37,4.05,4.89,2.54,-4.22,0.23,2.15,0.66,2.32
6679.01,4.98,2.66,3.63,1.30,-3.93,0.22,1.05,-0.29,2.32
6745.80,3.53,1.20,2.34,0.02,-3.61,0.21,-0.08,-1.27,2.33
6813.26,2.15,-0.18,1.16,-1.14,-3.30,0.19,-1.15,-2.14,2.33
6881.39,0.87,-1.46,0.24,-2.03,-3.03,0.18,-2.16,-2.79,2.33
6950.21,-0.23,-2.56,-0.44,-2.67,-2.79,0.17,-3.02,-3.23,2.33
7019.71,-1.07,-3.41,-0.91,-3.09,-2.53,0.16,-3.60,-3.44,2.33
7089.91,-1.83,-4.16,-1.24,-3.36,-2.27,0.15,-4.10,-3.51,2.33
7160.81,-2.50,-4.84,-1.46,-3.52,-2.01,0.14,-4.51,-3.47,2.34
7232.41,-3.19,-5.52,-1.60,-3.59,-1.75,0.13,-4.95,-3.36,2.33
7304.74,-3.73,-6.06,-1.69,-3.61,-1.50,0.11,-5.23,-3.19,2.33
7377.79,-4.23,-6.56,-1.75,-3.59,-1.24,0.10,-5.47,-2.99,2.33
7451.56,-4.74,-7.07,-1.78,-3.54,-0.98,0.09,-5.72,-2.76,2.33
7526.08,-5.12,-7.43,-1.80,-3.48,-0.72,0.08,-5.84,-2.52,2.31
7601.34,-5.27,-7.57,-1.81,-3.41,-0.46,0.07,-5.73,-2.27,2.30
7677.35,-5.42,-7.70,-1.82,-3.35,-0.20,0.07,-5.63,-2.03,2.28
7754.13,-5.56,-7.82,-1.84,-3.29,0.05,0.06,-5.51,-1.79,2.26
7831.67,-5.67,-7.87,-1.86,-3.23,0.31,0.05,-5.36,-1.55,2.20
7909.98,-5.52,-7.66,-1.89,-3.17,0.57,0.04,-4.95,-1.32,2.13
7989.08,-5.31,-7.40,-1.92,-3.12,0.83,0.03,-4.48,-1.09,2.08
8068.98,-5.10,-7.11,-1.95,-3.07,1.10,0.02,-4.00,-0.85,2.01
8149.67,-4.89,-6.84,-1.98,-3.03,1.38,0.01,-3.51,-0.60,1.95
8231.16,-4.54,-6.41,-2.02,-2.98,1.66,0.00,-2.88,-0.36,1.87
8313.47,-4.12,-5.91,-2.05,-2.93,1.92,-0.01,-2.20,-0.13,1.79
8396.61,-3.71,-5.40,-2.08,-2.88,2.15,-0.01,-1.56,0.07,1.69
8480.57,-3.32,-4.88,-2.11,-2.83,2.34,-0.02,-0.98,0.23,1.56
8565.38,-3.13,-4.56,-2.14,-2.77,2.48,-0.03,-0.65,0.34,1.43
8651.03,-3.03,-4.31,-2.18,-2.72,2.58,-0.04,-0.45,0.41,1.28
8737.54,-2.93,-4.09,-2.21,-2.67,2.64,-0.05,-0.29,0.43,1.16
8824.92,-2.84,-3.89,-2.25,-2.62,2.65,-0.06,-0.19,0.40,1.05
8913.17,-2.75,-3.69,-2.29,-2.57,2.63,-0.06,-0.12,0.34,0.94
9002.30,-2.84,-3.62,-2.33,-2.52,2.58,-0.07,-0.26,0.24,0.78
9092.32,-3.00,-3.61,-2.38,-2.48,2.51,-0.08,-0.49,0.13,0.61
9183.25,-3.15,-3.59,-2.42,-2.43,2.44,-0.09,-0.71,0.01,0.44
9275.08,-3.29,-3.58,-2.47,-2.38,2.38,-0.10,-0.91,-0.09,0.29
9367.83,-3.42,-3.60,-2.52,-2.34,2.34,-0.11,-1.09,-0.19,0.18
9461.51,-3.56,-3.63,-2.57,-2.29,2.29,-0.12,-1.27,-0.28,0.07
9556.12,-3.68,-3.58,-2.63,-2.24,2.24,-0.13,-1.44,-0.38,-0.10
9651.68,-3.81,-3.52,-2.68,-2.20,2.20,-0.14,-1.61,-0.48,-0.29
9748.20,-3.92,-3.45,-2.74,-2.16,2.16,-0.15,-1.77,-0.58,-0.47
9845.68,-4.02,-3.39,-2.80,-2.12,2.11,-0.16,-1.91,-0.68,-0.63
9944.14,-4.13,-3.38,-2.85,-2.07,2.07,-0.17,-2.06,-0.78,-0.75
10043.58,-4.22,-3.34,-2.90,-2.02,2.03,-0.18,-2.19,-0.86,-0.88
10144.02,-4.32,-3.25,-2.97,-1.99,2.00,-0.19,-2.32,-0.97,-1.07
10245.46,-4.41,-3.16,-3.04,-1.96,1.96,-0.20,-2.45,-1.08,-1.26
10347.91,-4.51,-3.07,-3.11,-1.92,1.92,-0.21,-2.59,-1.19,-1.45
10451.39,-4.60,-3.04,-3.18,-1.89,1.88,-0.22,-2.72,-1.30,-1.57
10555.91,-4.68,-2.99,-3.25,-1.85,1.85,-0.24,-2.83,-1.40,-1.70
10661.46,-4.77,-2.94,-3.32,-1.81,1.81,-0.25,-2.96,-1.51,-1.84
10768.08,-4.85,-2.82,-3.39,-1.77,1.77,-0.26,-3.08,-1.62,-2.03
10875.76,-4.86,-2.64,-3.45,-1.72,1.72,-0.28,-3.14,-1.73,-2.22
10984.52,-4.86,-2.46,-3.52,-1.68,1.68,-0.29,-3.18,-1.84,-2.40
11094.36,-4.79,-2.28,-3.59,-1.63,1.63,-0.31,-3.16,-1.95,-2.51
11205.31,-4.72,-2.10,-3.65,-1.58,1.58,-0.33,-3.14,-2.07,-2.62
11317.36,-4.65,-1.86,-3.72,-1.53,1.53,-0.34,-3.12,-2.18,-2.79
11430.53,-4.57,-1.61,-3.78,-1.48,1.48,-0.36,-3.09,-2.30,-2.96
11544.84,-4.50,-1.36,-3.84,-1.42,1.42,-0.38,-3.08,-2.42,-3.14
11660.29,-4.43,-1.12,-3.90,-1.37,1.37,-0.40,-3.06,-2.54,-3.31
11776.89,-4.36,-0.92,-3.97,-1.31,1.31,-0.42,-3.05,-2.66,-3.44
11894.66,-4.30,-0.74,-4.03,-1.25,1.25,-0.45,-3.05,-2.78,-3.56
12013.60,-4.23,-0.53,-4.09,-1.19,1.19,-0.47,-3.04,-2.90,-3.70
12133.74,-4.16,-0.32,-4.15,-1.12,1.12,-0.50,-3.04,-3.02,-3.84
12255.08,-4.05,-0.08,-4.20,-1.06,1.06,-0.53,-2.99,-3.15,-3.97
12377.63,-3.77,0.33,-4.26,-0.99,0.99,-0.56,-2.78,-3.27,-4.10
12501.41,-3.49,0.71,-4.32,-0.92,0.92,-0.59,-2.57,-3.40,-4.20
12626.42,-3.21,1.08,-4.38,-0.85,0.85,-0.62,-2.36,-3.53,-4.29
12752.68,-2.94,1.45,-4.43,-0.78,0.78,-0.66,-2.16,-3.66,-4.39
12880.21,-2.66,1.86,-4.49,-0.70,0.70,-0.70,-1.96,-3.79,-4.52
13009.01,-2.39,2.25,-4.54,-0.63,0.63,-0.74,-1.77,-3.92,-4.64
13139.10,-2.11,2.64,-4.60,-0.55,0.55,-0.79,-1.56,-4.05,-4.75
13270.49,-1.71,3.15,-4.65,-0.47,0.47,-0.84,-1.24,-4.18,-4.86
13403.20,-1.30,3.63,-4.70,-0.39,0.39,-0.90,-0.92,-4.32,-4.93
13537.23,-0.89,4.12,-4.75,-0.30,0.30,-0.95,-0.59,-4.45,-5.01
13672.60,-0.46,4.65,-4.81,-0.22,0.22,-1.02,-0.25,-4.59,-5.11
13809.33,-0.03,5.19,-4.86,-0.13,0.13,-1.09,0.10,-4.73,-5.22
13947.42,-0.12,5.20,-4.91,-0.04,0.04,-1.16,-0.08,-4.87,-5.32
14086.90,-0.21,5.22,-4.95,0.05,-0.05,-1.24,-0.26,-5.01,-5.43
14227.77,-0.40,5.13,-5.00,0.15,-0.15,-1.33,-0.55,-5.15,-5.53
14370.04,-0.71,4.90,-5.05,0.24,-0.24,-1.42,-0.95,-5.29,-5.61
14513.74,-1.03,4.66,-5.10,0.34,-0.34,-1.52,-1.37,-5.43,-5.69
14658.88,-1.27,4.52,-5.14,0.44,-0.44,-1.62,-1.71,-5.58,-5.79
14805.47,-1.50,4.40,-5.19,0.54,-0.54,-1.73,-2.04,-5.72,-5.90
14953.52,-1.73,4.28,-5.23,0.64,-0.64,-1.83,-2.37,-5.87,-6.01
15103.06,-1.96,4.16,-5.28,0.74,-0.74,-1.94,-2.70,-6.02,-6.12
15254.09,-2.19,4.02,-5.32,0.85,-0.85,-2.05,-3.04,-6.17,-6.21
15406.63,-2.42,3.88,-5.36,0.96,-0.96,-2.15,-3.38,-6.32,-6.30
15560.70,-2.65,3.73,-5.41,1.07,-1.07,-2.23,-3.72,-6.47,-6.38
15716.30,-2.90,3.61,-5.45,1.18,-1.18,-2.29,-4.08,-6.62,-6.51
15873.47,-3.35,3.29,-5.49,1.29,-1.29,-2.34,-4.64,-6.78,-6.64
16032.20,-3.80,2.97,-5.53,1.40,-1.40,-2.34,-5.21,-6.93,-6.77
16192.52,-4.29,2.61,-5.57,1.52,-1.52,-2.32,-5.81,-7.09,-6.90
16354.45,-4.81,2.21,-5.61,1.64,-1.64,-2.26,-6.45,-7.25,-7.02
16517.99,-5.33,1.80,-5.64,1.76,-1.76,-2.17,-7.09,-7.40,-7.13
16683.17,-5.82,1.42,-5.68,1.88,-1.88,-2.05,-7.70,-7.56,-7.24
16850.01,-6.31,1.08,-5.72,2.01,-2.01,-1.91,-8.32,-7.72,-7.39
17018.51,-6.63,0.91,-5.75,2.13,-2.13,-1.75,-8.76,-7.89,-7.54
17188.69,-6.81,0.88,-5.79,2.26,-2.26,-1.59,-9.07,-8.05,-7.69
17360.58,-7.00,0.83,-5.82,2.39,-2.39,-1.43,-9.39,-8.21,-7.83
17534.18,-7.16,0.78,-5.86,2.52,-2.52,-1.27,-9.68,-8.38,-7.94
17709.53,-7.32,0.73,-5.89,2.65,-2.65,-1.12,-9.98,-8.55,-8.05
17886.62,-7.49,0.73,-5.92,2.79,-2.79,-0.98,-10.28,-8.71,-8.22
18065.49,-7.65,0.74,-5.95,2.93,-2.93,-0.86,-10.58,-8.88,-8.39
18246.14,-7.83,0.73,-5.99,3.07,-3.07,-0.74,-10.90,-9.05,-8.56
18428.60,-8.01,0.70,-6.02,3.21,-3.21,-0.64,-11.22,-9.22,-8.71
18612.89,-8.18,0.67,-6.05,3.35,-3.35,-0.55,-11.53,-9.39,-8.85
18799.02,-8.36,0.67,-6.07,3.49,-3.49,-0.47,-11.85,-9.57,-9.03
18987.01,-8.54,0.70,-6.10,3.64,-3.64,-0.39,-12.18,-9.74,-9.24
19176.88,-8.73,0.72,-6.13,3.79,-3.79,-0.33,-12.52,-9.92,-9.45
19368.65,-8.94,0.79,-6.16,3.94,-3.94,-0.28,-12.88,-10.09,-9.73
19562.33,-9.27,0.99,-6.18,4.09,-4.09,-0.23,-13.36,-10.27,-10.26
19757.96,-9.84,0.79,-6.21,4.24,-4.24,-0.18,-14.08,-10.45,-10.63
19955.54,-11.24,-0.26,-6.23,4.40,-4.40,-0.13,-15.64,-10.63,-10.98
