frequency,raw,error,smoothed,error_smoothed,equalization,parametric_eq,fixed_band_eq,equalized_raw,equalized_smoothed,target
20.00,8.84,-1.67,8.84,-1.67,1.67,1.56,0.51,10.51,10.51,10.51
20.20,8.86,-1.65,8.86,-1.65,1.65,1.55,0.53,10.52,10.52,10.52
20.40,8.88,-1.64,8.88,-1.64,1.64,1.55,0.54,10.52,10.52,10.53
20.61,8.91,-1.63,8.91,-1.63,1.63,1.54,0.56,10.53,10.53,10.54
20.81,8.93,-1.61,8.93,-1.61,1.61,1.53,0.58,10.54,10.54,10.54
21.02,8.95,-1.60,8.95,-1.60,1.60,1.52,0.60,10.55,10.55,10.55
21.23,8.97,-1.58,8.97,-1.58,1.58,1.52,0.62,10.56,10.56,10.56
21.44,9.00,-1.57,9.00,-1.57,1.57,1.51,0.64,10.56,10.56,10.57
21.66,9.02,-1.55,9.02,-1.55,1.55,1.50,0.66,10.57,10.57,10.57
21.87,9.04,-1.54,9.04,-1.54,1.53,1.49,0.68,10.57,10.57,10.58
22.09,9.06,-1.52,9.06,-1.52,1.52,1.48,0.70,10.58,10.58,10.58
22.31,9.08,-1.50,9.08,-1.50,1.50,1.47,0.72,10.58,10.58,10.59
22.54,9.10,-1.48,9.10,-1.49,1.48,1.46,0.75,10.59,10.59,10.59
22.76,9.13,-1.47,9.13,-1.47,1.47,1.45,0.77,10.59,10.59,10.60
22.99,9.15,-1.45,9.15,-1.45,1.45,1.45,0.79,10.60,10.60,10.60
23.22,9.17,-1.43,9.17,-1.43,1.43,1.44,0.82,10.60,10.60,10.60
23.45,9.19,-1.42,9.19,-1.42,1.42,1.43,0.84,10.60,10.60,10.61
23.69,9.20,-1.40,9.20,-1.40,1.40,1.42,0.87,10.61,10.61,10.61
23.92,9.22,-1.39,9.22,-1.39,1.39,1.40,0.89,10.61,10.61,10.61
24.16,9.24,-1.37,9.24,-1.37,1.37,1.39,0.92,10.61,10.61,10.61
24.40,9.26,-1.36,9.26,-1.36,1.36,1.38,0.95,10.61,10.61,10.62
24.65,9.27,-1.34,9.27,-1.34,1.34,1.37,0.97,10.61,10.61,10.62
24.89,9.29,-1.33,9.29,-1.33,1.32,1.36,1.00,10.62,10.62,10.62
25.14,9.31,-1.31,9.31,-1.31,1.31,1.35,1.03,10.62,10.62,10.62
25.39,9.32,-1.29,9.32,-1.29,1.29,1.34,1.06,10.62,10.62,10.62
25.65,9.34,-1.28,9.34,-1.28,1.28,1.32,1.08,10.62,10.62,10.62
25.91,9.36,-1.26,9.36,-1.26,1.26,1.31,1.11,10.62,10.62,10.62
26.16,9.37,-1.24,9.37,-1.24,1.24,1.30,1.14,10.62,10.62,10.62
26.43,9.39,-1.23,9.39,-1.23,1.23,1.29,1.16,10.62,10.62,10.62
26.69,9.40,-1.21,9.40,-1.21,1.21,1.27,1.19,10.62,10.62,10.62
26.96,9.42,-1.20,9.42,-1.20,1.20,1.26,1.21,10.62,10.62,10.62
27.23,9.44,-1.18,9.44,-1.18,1.18,1.25,1.24,10.62,10.62,10.62
27.50,9.45,-1.17,9.45,-1.17,1.16,1.23,1.26,10.62,10.62,10.62
27.77,9.47,-1.15,9.47,-1.15,1.15,1.22,1.28,10.62,10.62,10.62
28.05,9.48,-1.14,9.48,-1.14,1.14,1.21,1.30,10.62,10.62,10.62
28.33,9.49,-1.12,9.50,-1.12,1.12,1.19,1.32,10.62,10.62,10.62
28.62,9.51,-1.11,9.51,-1.11,1.11,1.18,1.34,10.62,10.62,10.62
28.90,9.52,-1.09,9.52,-1.09,1.09,1.16,1.35,10.62,10.62,10.62
29.19,9.54,-1.08,9.54,-1.08,1.08,1.15,1.37,10.62,10.62,10.62
29.48,9.55,-1.07,9.55,-1.07,1.07,1.13,1.38,10.62,10.62,10.62
29.78,9.56,-1.06,9.56,-1.06,1.06,1.12,1.38,10.61,10.61,10.62
30.08,9.57,-1.05,9.57,-1.04,1.04,1.10,1.39,10.61,10.61,10.62
30.38,9.58,-1.03,9.58,-1.03,1.03,1.08,1.39,10.61,10.61,10.61
30.68,9.59,-1.02,9.59,-1.02,1.02,1.07,1.40,10.61,10.61,10.61
30.99,9.60,-1.01,9.60,-1.00,1.00,1.05,1.39,10.60,10.60,10.61
31.30,9.61,-0.98,9.61,-0.99,0.98,1.04,1.39,10.60,10.60,10.60
31.61,9.63,-0.97,9.63,-0.97,0.97,1.02,1.38,10.59,10.59,10.60
31.93,9.64,-0.95,9.64,-0.95,0.95,1.00,1.37,10.59,10.59,10.59
32.24,9.65,-0.93,9.65,-0.93,0.93,0.98,1.36,10.58,10.58,10.59
32.57,9.67,-0.91,9.67,-0.91,0.91,0.97,1.34,10.58,10.58,10.58
32.89,9.68,-0.90,9.68,-0.89,0.89,0.95,1.33,10.57,10.58,10.58
33.22,9.69,-0.87,9.69,-0.87,0.88,0.93,1.31,10.57,10.57,10.57
33.55,9.71,-0.86,9.70,-0.86,0.86,0.91,1.28,10.57,10.57,10.57
33.89,9.71,-0.85,9.71,-0.85,0.85,0.89,1.26,10.56,10.56,10.56
34.23,9.71,-0.84,9.71,-0.84,0.84,0.87,1.23,10.55,10.55,10.55
34.57,9.71,-0.83,9.71,-0.83,0.83,0.86,1.20,10.54,10.54,10.54
34.92,9.71,-0.82,9.71,-0.82,0.82,0.84,1.17,10.53,10.53,10.53
35.27,9.71,-0.82,9.71,-0.81,0.81,0.82,1.14,10.52,10.52,10.53
35.62,9.71,-0.80,9.71,-0.80,0.80,0.80,1.11,10.51,10.51,10.51
35.97,9.71,-0.79,9.71,-0.79,0.79,0.78,1.07,10.50,10.50,10.50
36.33,9.71,-0.78,9.71,-0.78,0.78,0.76,1.04,10.48,10.48,10.49
36.70,9.71,-0.76,9.71,-0.76,0.76,0.74,1.00,10.47,10.47,10.47
37.06,9.71,-0.75,9.71,-0.75,0.75,0.72,0.96,10.45,10.45,10.46
37.43,9.71,-0.73,9.71,-0.73,0.73,0.70,0.92,10.44,10.44,10.44
37.81,9.71,-0.71,9.71,-0.71,0.71,0.67,0.88,10.42,10.42,10.42
38.19,9.71,-0.70,9.71,-0.70,0.70,0.65,0.84,10.40,10.40,10.41
38.57,9.71,-0.68,9.71,-0.68,0.68,0.63,0.80,10.39,10.39,10.39
38.95,9.71,-0.66,9.71,-0.66,0.66,0.61,0.76,10.37,10.37,10.37
39.34,9.71,-0.64,9.71,-0.64,0.64,0.59,0.72,10.35,10.35,10.35
39.74,9.71,-0.62,9.71,-0.62,0.62,0.56,0.68,10.33,10.33,10.33
40.14,9.71,-0.60,9.71,-0.60,0.60,0.54,0.64,10.30,10.30,10.31
40.54,9.71,-0.58,9.71,-0.58,0.57,0.52,0.60,10.28,10.28,10.29
40.94,9.71,-0.55,9.71,-0.55,0.55,0.50,0.56,10.26,10.26,10.26
41.35,9.71,-0.53,9.71,-0.53,0.53,0.47,0.52,10.23,10.24,10.24
41.76,9.71,-0.50,9.71,-0.50,0.50,0.45,0.48,10.21,10.21,10.21
42.18,9.71,-0.48,9.71,-0.48,0.48,0.42,0.44,10.18,10.18,10.19
42.60,9.71,-0.45,9.71,-0.45,0.45,0.40,0.41,10.15,10.15,10.16
43.03,9.70,-0.42,9.70,-0.42,0.42,0.38,0.37,10.12,10.12,10.13
43.46,9.70,-0.39,9.70,-0.39,0.39,0.35,0.33,10.10,10.10,10.10
43.90,9.70,-0.37,9.70,-0.36,0.36,0.33,0.29,10.07,10.07,10.07
44.33,9.70,-0.34,9.70,-0.34,0.34,0.30,0.25,10.04,10.04,10.04
44.78,9.70,-0.31,9.70,-0.31,0.31,0.28,0.21,10.01,10.01,10.01
45.23,9.69,-0.28,9.69,-0.28,0.29,0.25,0.18,9.98,9.98,9.98
45.68,9.68,-0.26,9.68,-0.26,0.26,0.22,0.14,9.94,9.94,9.94
46.13,9.66,-0.23,9.66,-0.24,0.24,0.20,0.10,9.90,9.90,9.90
46.60,9.64,-0.21,9.64,-0.22,0.22,0.17,0.06,9.86,9.86,9.86
47.06,9.63,-0.20,9.63,-0.19,0.19,0.14,0.03,9.82,9.82,9.83
47.53,9.61,-0.17,9.61,-0.17,0.17,0.12,-0.01,9.78,9.78,9.79
48.01,9.60,-0.14,9.60,-0.14,0.14,0.09,-0.05,9.73,9.73,9.74
48.49,9.58,-0.12,9.58,-0.11,0.10,0.06,-0.08,9.68,9.69,9.70
48.97,9.58,-0.07,9.58,-0.07,0.07,0.03,-0.12,9.64,9.64,9.65
49.46,9.57,-0.03,9.57,-0.03,0.03,0.00,-0.15,9.60,9.60,9.61
49.96,9.57,0.01,9.57,0.01,-0.01,-0.03,-0.19,9.56,9.56,9.56
50.46,9.57,0.05,9.57,0.05,-0.05,-0.05,-0.22,9.52,9.52,9.52
50.96,9.56,0.09,9.57,0.09,-0.09,-0.08,-0.26,9.48,9.48,9.48
51.47,9.56,0.13,9.56,0.13,-0.13,-0.11,-0.29,9.44,9.44,9.44
51.99,9.56,0.17,9.56,0.17,-0.16,-0.14,-0.32,9.40,9.39,9.39
52.51,9.55,0.20,9.55,0.20,-0.20,-0.17,-0.36,9.35,9.35,9.35
53.03,9.53,0.23,9.53,0.23,-0.23,-0.20,-0.39,9.30,9.30,9.31
53.56,9.52,0.26,9.52,0.26,-0.26,-0.23,-0.42,9.25,9.25,9.26
54.10,9.50,0.29,9.50,0.29,-0.29,-0.27,-0.46,9.20,9.20,9.21
54.64,9.48,0.32,9.48,0.32,-0.32,-0.30,-0.49,9.16,9.16,9.16
55.18,9.46,0.36,9.46,0.36,-0.35,-0.33,-0.52,9.11,9.11,9.11
55.74,9.45,0.39,9.44,0.38,-0.38,-0.36,-0.55,9.06,9.06,9.06
56.29,9.43,0.41,9.43,0.41,-0.41,-0.39,-0.58,9.02,9.02,9.02
56.86,9.41,0.44,9.41,0.44,-0.44,-0.43,-0.61,8.97,8.97,8.98
57.42,9.40,0.47,9.40,0.47,-0.47,-0.46,-0.64,8.93,8.93,8.93
58.00,9.39,0.50,9.39,0.50,-0.50,-0.49,-0.67,8.89,8.89,8.89
58.58,9.37,0.53,9.37,0.53,-0.53,-0.53,-0.70,8.85,8.85,8.85
59.16,9.36,0.55,9.36,0.55,-0.56,-0.56,-0.73,8.80,8.80,8.81
59.76,9.35,0.58,9.35,0.59,-0.60,-0.59,-0.75,8.75,8.75,8.77
60.35,9.33,0.63,9.33,0.63,-0.64,-0.63,-0.78,8.70,8.70,8.71
60.96,9.32,0.67,9.32,0.67,-0.68,-0.66,-0.81,8.64,8.64,8.65
61.57,9.31,0.72,9.31,0.72,-0.72,-0.70,-0.83,8.58,8.58,8.59
62.18,9.29,0.78,9.29,0.77,-0.77,-0.73,-0.86,8.52,8.52,8.52
62.80,9.28,0.82,9.28,0.82,-0.81,-0.77,-0.88,8.46,8.46,8.46
63.43,9.27,0.87,9.27,0.87,-0.86,-0.81,-0.90,8.41,8.41,8.40
64.07,9.25,0.91,9.25,0.91,-0.90,-0.84,-0.93,8.35,8.35,8.35
64.71,9.24,0.94,9.24,0.94,-0.94,-0.88,-0.95,8.30,8.30,8.30
65.35,9.22,0.98,9.22,0.98,-0.98,-0.91,-0.97,8.25,8.24,8.25
66.01,9.21,1.01,9.21,1.01,-1.02,-0.95,-0.99,8.19,8.19,8.20
66.67,9.19,1.04,9.19,1.05,-1.05,-0.99,-1.01,8.14,8.14,8.15
67.33,9.17,1.09,9.17,1.09,-1.09,-1.03,-1.03,8.08,8.08,8.09
68.01,9.15,1.13,9.15,1.13,-1.13,-1.06,-1.05,8.03,8.03,8.03
68.69,9.14,1.17,9.14,1.17,-1.17,-1.10,-1.07,7.97,7.97,7.97
69.37,9.12,1.20,9.12,1.21,-1.21,-1.14,-1.09,7.91,7.91,7.92
70.07,9.10,1.25,9.10,1.25,-1.25,-1.18,-1.12,7.86,7.86,7.86
70.77,9.08,1.29,9.08,1.28,-1.29,-1.21,-1.14,7.79,7.79,7.80
71.48,9.06,1.33,9.06,1.33,-1.33,-1.25,-1.16,7.73,7.73,7.74
72.19,9.04,1.37,9.04,1.37,-1.37,-1.29,-1.18,7.67,7.67,7.68
72.91,9.02,1.42,9.02,1.41,-1.41,-1.33,-1.20,7.61,7.61,7.61
73.64,9.00,1.46,9.00,1.46,-1.45,-1.37,-1.22,7.55,7.55,7.55
74.38,8.98,1.50,8.98,1.50,-1.49,-1.41,-1.24,7.49,7.49,7.49
75.12,8.96,1.54,8.96,1.53,-1.53,-1.45,-1.27,7.43,7.43,7.43
75.87,8.94,1.56,8.94,1.56,-1.56,-1.48,-1.29,7.38,7.38,7.38
76.63,8.91,1.60,8.91,1.59,-1.59,-1.52,-1.32,7.32,7.32,7.32
77.40,8.88,1.62,8.89,1.62,-1.62,-1.56,-1.34,7.26,7.26,7.27
78.17,8.86,1.65,8.86,1.65,-1.65,-1.60,-1.37,7.21,7.21,7.21
78.95,8.83,1.68,8.83,1.67,-1.68,-1.64,-1.40,7.15,7.15,7.16
79.74,8.80,1.70,8.80,1.70,-1.70,-1.68,-1.42,7.10,7.10,7.11
80.54,8.78,1.73,8.78,1.73,-1.73,-1.71,-1.45,7.04,7.04,7.05
81.35,8.75,1.76,8.75,1.76,-1.76,-1.75,-1.48,6.99,6.99,6.99
82.16,8.72,1.79,8.72,1.79,-1.79,-1.79,-1.52,6.93,6.93,6.94
82.98,8.69,1.82,8.69,1.82,-1.82,-1.83,-1.55,6.87,6.87,6.88
83.81,8.67,1.85,8.67,1.85,-1.85,-1.86,-1.58,6.82,6.82,6.82
84.65,8.64,1.88,8.64,1.88,-1.88,-1.90,-1.62,6.76,6.76,6.76
85.50,8.61,1.91,8.61,1.91,-1.91,-1.94,-1.66,6.70,6.70,6.70
86.35,8.58,1.93,8.58,1.94,-1.94,-1.97,-1.70,6.64,6.64,6.65
87.22,8.55,1.97,8.55,1.97,-1.97,-2.01,-1.74,6.59,6.59,6.59
88.09,8.52,2.00,8.52,1.99,-1.99,-2.05,-1.78,6.53,6.53,6.53
88.97,8.49,2.02,8.49,2.02,-2.02,-2.08,-1.82,6.47,6.47,6.47
89.86,8.46,2.05,8.46,2.05,-2.05,-2.12,-1.86,6.41,6.41,6.41
90.76,8.42,2.08,8.42,2.08,-2.08,-2.15,-1.91,6.34,6.34,6.35
91.66,8.39,2.12,8.39,2.11,-2.11,-2.18,-1.96,6.28,6.28,6.28
92.58,8.36,2.14,8.36,2.14,-2.14,-2.22,-2.00,6.22,6.22,6.22
93.51,8.33,2.17,8.33,2.17,-2.17,-2.25,-2.05,6.15,6.15,6.16
94.44,8.30,2.20,8.30,2.20,-2.21,-2.28,-2.10,6.09,6.09,6.10
95.39,8.27,2.24,8.27,2.24,-2.24,-2.31,-2.16,6.02,6.02,6.03
96.34,8.24,2.28,8.24,2.28,-2.28,-2.35,-2.21,5.96,5.96,5.96
97.30,8.21,2.31,8.21,2.31,-2.32,-2.38,-2.26,5.89,5.89,5.90
98.28,8.18,2.35,8.18,2.35,-2.35,-2.41,-2.32,5.83,5.83,5.83
99.26,8.15,2.39,8.15,2.39,-2.39,-2.44,-2.38,5.76,5.76,5.76
100.25,8.12,2.43,8.12,2.43,-2.42,-2.47,-2.43,5.70,5.70,5.69
101.25,8.09,2.45,8.09,2.46,-2.45,-2.49,-2.49,5.64,5.64,5.64
102.27,8.06,2.48,8.06,2.48,-2.48,-2.52,-2.55,5.58,5.58,5.58
103.29,8.02,2.51,8.02,2.51,-2.51,-2.55,-2.61,5.51,5.51,5.52
104.32,7.99,2.54,7.99,2.53,-2.54,-2.58,-2.66,5.45,5.45,5.46
105.37,7.96,2.56,7.96,2.56,-2.56,-2.60,-2.72,5.40,5.40,5.40
106.42,7.93,2.58,7.93,2.59,-2.59,-2.63,-2.78,5.34,5.34,5.35
107.48,7.89,2.62,7.90,2.62,-2.62,-2.66,-2.84,5.28,5.28,5.28
108.56,7.86,2.65,7.86,2.64,-2.64,-2.68,-2.89,5.22,5.22,5.22
109.64,7.83,2.67,7.83,2.67,-2.67,-2.70,-2.95,5.16,5.16,5.16
110.74,7.79,2.70,7.79,2.70,-2.70,-2.73,-3.00,5.10,5.10,5.10
111.85,7.76,2.72,7.76,2.73,-2.73,-2.75,-3.05,5.03,5.03,5.04
112.97,7.72,2.76,7.72,2.75,-2.76,-2.77,-3.10,4.97,4.97,4.97
114.10,7.69,2.78,7.69,2.79,-2.79,-2.80,-3.15,4.90,4.90,4.91
115.24,7.65,2.82,7.65,2.82,-2.82,-2.82,-3.19,4.84,4.84,4.84
116.39,7.62,2.85,7.62,2.85,-2.85,-2.84,-3.23,4.77,4.77,4.77
117.55,7.58,2.88,7.58,2.88,-2.88,-2.86,-3.27,4.71,4.71,4.71
118.73,7.55,2.91,7.55,2.91,-2.90,-2.88,-3.31,4.64,4.64,4.64
119.92,7.51,2.94,7.51,2.93,-2.93,-2.90,-3.34,4.58,4.58,4.58
121.12,7.48,2.95,7.48,2.95,-2.95,-2.92,-3.37,4.52,4.52,4.53
122.33,7.44,2.97,7.44,2.97,-2.98,-2.94,-3.39,4.46,4.46,4.47
123.55,7.40,3.00,7.40,3.00,-3.00,-2.96,-3.41,4.40,4.40,4.41
124.79,7.37,3.02,7.37,3.02,-3.02,-2.98,-3.42,4.34,4.34,4.35
126.03,7.33,3.04,7.33,3.04,-3.05,-3.00,-3.43,4.28,4.28,4.29
127.29,7.29,3.07,7.29,3.07,-3.07,-3.02,-3.44,4.22,4.22,4.23
128.57,7.26,3.10,7.26,3.10,-3.09,-3.04,-3.44,4.16,4.16,4.16
129.85,7.22,3.12,7.22,3.12,-3.12,-3.06,-3.44,4.10,4.10,4.10
131.15,7.18,3.14,7.18,3.14,-3.14,-3.08,-3.44,4.04,4.04,4.04
132.46,7.14,3.17,7.14,3.17,-3.17,-3.10,-3.43,3.98,3.98,3.98
133.79,7.10,3.19,7.10,3.19,-3.19,-3.11,-3.42,3.92,3.92,3.92
135.12,7.07,3.21,7.07,3.21,-3.21,-3.13,-3.40,3.86,3.86,3.86
136.48,7.03,3.22,7.03,3.23,-3.23,-3.15,-3.38,3.80,3.80,3.81
137.84,6.99,3.24,6.99,3.24,-3.24,-3.17,-3.36,3.75,3.75,3.75
139.22,6.95,3.26,6.95,3.26,-3.25,-3.18,-3.34,3.69,3.69,3.69
140.61,6.90,3.27,6.90,3.27,-3.26,-3.20,-3.31,3.64,3.64,3.64
142.02,6.86,3.28,6.86,3.28,-3.27,-3.22,-3.29,3.59,3.59,3.59
143.44,6.82,3.28,6.82,3.28,-3.28,-3.23,-3.26,3.54,3.54,3.54
144.87,6.78,3.28,6.78,3.29,-3.29,-3.25,-3.23,3.49,3.49,3.50
146.32,6.74,3.29,6.74,3.29,-3.29,-3.26,-3.20,3.44,3.44,3.45
147.78,6.69,3.30,6.69,3.30,-3.30,-3.28,-3.17,3.40,3.40,3.40
149.26,6.65,3.30,6.65,3.30,-3.30,-3.29,-3.14,3.35,3.35,3.35
150.75,6.61,3.31,6.61,3.31,-3.31,-3.31,-3.11,3.30,3.30,3.30
152.26,6.56,3.31,6.56,3.31,-3.31,-3.32,-3.08,3.25,3.25,3.26
153.78,6.52,3.32,6.52,3.32,-3.32,-3.34,-3.06,3.20,3.20,3.21
155.32,6.48,3.32,6.48,3.32,-3.32,-3.35,-3.03,3.15,3.16,3.16
156.88,6.43,3.33,6.43,3.33,-3.33,-3.36,-3.00,3.11,3.11,3.11
158.44,6.39,3.34,6.39,3.33,-3.33,-3.37,-2.98,3.06,3.06,3.06
160.03,6.34,3.34,6.34,3.34,-3.34,-3.39,-2.95,3.01,3.01,3.01
161.63,6.30,3.34,6.30,3.34,-3.34,-3.40,-2.93,2.96,2.96,2.96
163.24,6.25,3.34,6.25,3.34,-3.34,-3.41,-2.91,2.91,2.91,2.91
164.88,6.20,3.35,6.20,3.35,-3.35,-3.42,-2.89,2.86,2.86,2.86
166.53,6.16,3.35,6.16,3.35,-3.35,-3.43,-2.88,2.81,2.81,2.81
168.19,6.11,3.35,6.11,3.35,-3.35,-3.43,-2.86,2.76,2.76,2.76
169.87,6.06,3.35,6.06,3.35,-3.35,-3.44,-2.85,2.71,2.71,2.71
171.57,6.01,3.36,6.01,3.36,-3.36,-3.45,-2.84,2.66,2.66,2.66
173.29,5.96,3.36,5.96,3.36,-3.36,-3.45,-2.83,2.61,2.61,2.61
175.02,5.92,3.36,5.92,3.36,-3.36,-3.46,-2.83,2.56,2.56,2.56
176.77,5.87,3.36,5.87,3.36,-3.36,-3.46,-2.83,2.51,2.51,2.51
178.54,5.82,3.36,5.82,3.36,-3.36,-3.46,-2.82,2.46,2.46,2.46
180.32,5.77,3.36,5.77,3.36,-3.36,-3.47,-2.83,2.41,2.41,2.41
182.13,5.72,3.37,5.72,3.36,-3.36,-3.47,-2.83,2.36,2.36,2.36
183.95,5.67,3.36,5.67,3.36,-3.36,-3.46,-2.84,2.31,2.31,2.32
185.79,5.62,3.36,5.62,3.36,-3.36,-3.46,-2.84,2.26,2.26,2.27
187.65,5.57,3.36,5.57,3.36,-3.36,-3.46,-2.85,2.22,2.22,2.22
189.52,5.52,3.36,5.52,3.35,-3.35,-3.45,-2.86,2.17,2.17,2.17
191.42,5.47,3.35,5.47,3.35,-3.35,-3.45,-2.88,2.12,2.12,2.13
193.33,5.42,3.35,5.42,3.35,-3.35,-3.44,-2.89,2.08,2.08,2.08
195.27,5.37,3.34,5.37,3.34,-3.34,-3.43,-2.91,2.03,2.03,2.04
197.22,5.32,3.34,5.32,3.34,-3.33,-3.42,-2.93,1.99,1.99,1.99
199.19,5.27,3.33,5.27,3.33,-3.33,-3.41,-2.95,1.95,1.95,1.95
201.18,5.23,3.32,5.23,3.32,-3.32,-3.40,-2.97,1.91,1.91,1.91
203.19,5.18,3.31,5.18,3.31,-3.31,-3.38,-2.99,1.87,1.87,1.87
205.23,5.13,3.29,5.13,3.30,-3.30,-3.37,-3.02,1.83,1.83,1.84
207.28,5.08,3.28,5.08,3.29,-3.28,-3.35,-3.04,1.80,1.80,1.80
209.35,5.03,3.28,5.03,3.27,-3.27,-3.33,-3.07,1.76,1.76,1.76
211.44,4.98,3.26,4.98,3.26,-3.26,-3.31,-3.09,1.73,1.73,1.73
213.56,4.94,3.24,4.94,3.24,-3.24,-3.29,-3.12,1.69,1.69,1.70
215.69,4.89,3.22,4.89,3.22,-3.23,-3.27,-3.14,1.66,1.66,1.67
217.85,4.84,3.21,4.84,3.21,-3.22,-3.24,-3.16,1.63,1.63,1.64
220.03,4.80,3.20,4.80,3.20,-3.20,-3.22,-3.18,1.60,1.60,1.60
222.23,4.75,3.19,4.75,3.19,-3.18,-3.19,-3.20,1.57,1.57,1.57
224.45,4.71,3.17,4.71,3.17,-3.16,-3.16,-3.22,1.54,1.54,1.54
226.70,4.66,3.15,4.66,3.15,-3.14,-3.13,-3.24,1.52,1.52,1.52
228.96,4.62,3.12,4.61,3.12,-3.12,-3.10,-3.25,1.49,1.49,1.50
231.25,4.56,3.10,4.56,3.09,-3.10,-3.07,-3.26,1.47,1.47,1.47
233.57,4.51,3.06,4.51,3.07,-3.07,-3.04,-3.27,1.44,1.44,1.45
235.90,4.46,3.04,4.46,3.04,-3.04,-3.00,-3.28,1.42,1.42,1.42
238.26,4.41,3.01,4.41,3.01,-3.01,-2.97,-3.28,1.40,1.40,1.40
240.64,4.35,2.97,4.35,2.97,-2.97,-2.93,-3.27,1.38,1.38,1.39
243.05,4.30,2.93,4.30,2.94,-2.94,-2.90,-3.27,1.36,1.36,1.37
245.48,4.25,2.90,4.25,2.90,-2.90,-2.86,-3.25,1.35,1.35,1.35
247.93,4.19,2.87,4.19,2.86,-2.86,-2.82,-3.24,1.33,1.33,1.33
250.41,4.14,2.82,4.14,2.83,-2.82,-2.78,-3.22,1.32,1.32,1.32
252.92,4.09,2.78,4.09,2.78,-2.78,-2.74,-3.19,1.30,1.30,1.31
255.45,4.03,2.75,4.03,2.74,-2.74,-2.69,-3.16,1.29,1.29,1.29
258.00,3.98,2.70,3.98,2.70,-2.70,-2.65,-3.13,1.28,1.28,1.28
260.58,3.92,2.66,3.92,2.66,-2.66,-2.61,-3.09,1.27,1.27,1.27
263.19,3.87,2.61,3.87,2.61,-2.62,-2.56,-3.04,1.25,1.25,1.26
265.82,3.82,2.57,3.82,2.57,-2.57,-2.52,-2.99,1.24,1.24,1.25
268.48,3.76,2.53,3.76,2.53,-2.53,-2.47,-2.94,1.23,1.23,1.24
271.16,3.71,2.48,3.71,2.48,-2.48,-2.43,-2.89,1.22,1.22,1.23
273.87,3.65,2.44,3.65,2.44,-2.44,-2.38,-2.83,1.22,1.22,1.22
276.61,3.60,2.39,3.60,2.40,-2.39,-2.33,-2.77,1.21,1.21,1.21
279.38,3.55,2.35,3.55,2.35,-2.34,-2.29,-2.70,1.20,1.20,1.20
282.17,3.49,2.30,3.49,2.30,-2.30,-2.24,-2.63,1.20,1.20,1.20
284.99,3.44,2.24,3.44,2.24,-2.25,-2.19,-2.56,1.19,1.19,1.20
287.84,3.39,2.19,3.39,2.19,-2.20,-2.14,-2.49,1.19,1.19,1.20
290.72,3.33,2.15,3.33,2.14,-2.15,-2.09,-2.42,1.19,1.19,1.19
293.63,3.28,2.10,3.28,2.09,-2.09,-2.04,-2.34,1.19,1.19,1.19
296.57,3.23,2.04,3.23,2.04,-2.04,-1.99,-2.27,1.19,1.19,1.19
299.53,3.18,1.99,3.18,1.99,-1.99,-1.94,-2.19,1.19,1.19,1.19
302.53,3.12,1.94,3.12,1.94,-1.94,-1.89,-2.11,1.19,1.19,1.19
305.55,3.07,1.88,3.07,1.88,-1.89,-1.84,-2.03,1.18,1.18,1.19
308.61,3.02,1.83,3.02,1.83,-1.83,-1.79,-1.95,1.18,1.18,1.19
311.69,2.97,1.78,2.97,1.78,-1.78,-1.74,-1.87,1.19,1.19,1.19
314.81,2.92,1.73,2.92,1.73,-1.73,-1.69,-1.80,1.19,1.19,1.19
317.96,2.87,1.68,2.87,1.68,-1.68,-1.64,-1.72,1.19,1.19,1.19
321.14,2.81,1.63,2.81,1.63,-1.63,-1.59,-1.64,1.19,1.19,1.19
324.35,2.76,1.58,2.76,1.57,-1.57,-1.54,-1.56,1.19,1.19,1.19
327.59,2.71,1.52,2.71,1.52,-1.52,-1.49,-1.48,1.19,1.19,1.20
330.87,2.66,1.46,2.66,1.47,-1.47,-1.44,-1.40,1.19,1.19,1.20
334.18,2.61,1.41,2.61,1.41,-1.41,-1.39,-1.33,1.20,1.20,1.20
337.52,2.56,1.36,2.56,1.36,-1.36,-1.34,-1.25,1.20,1.20,1.20
340.90,2.51,1.30,2.51,1.31,-1.31,-1.29,-1.17,1.20,1.20,1.21
344.30,2.46,1.25,2.46,1.25,-1.25,-1.24,-1.10,1.21,1.21,1.21
347.75,2.41,1.19,2.41,1.20,-1.20,-1.19,-1.03,1.21,1.21,1.22
351.23,2.36,1.14,2.36,1.14,-1.14,-1.14,-0.95,1.22,1.22,1.22
354.74,2.31,1.08,2.31,1.09,-1.09,-1.08,-0.88,1.23,1.23,1.23
358.28,2.26,1.03,2.26,1.03,-1.03,-1.03,-0.81,1.23,1.23,1.23
361.87,2.21,0.97,2.21,0.97,-0.97,-0.98,-0.74,1.24,1.24,1.24
365.49,2.15,0.91,2.15,0.91,-0.91,-0.93,-0.66,1.24,1.24,1.25
369.14,2.10,0.86,2.10,0.85,-0.85,-0.88,-0.59,1.25,1.25,1.25
372.83,2.05,0.79,2.05,0.80,-0.80,-0.83,-0.52,1.25,1.25,1.26
376.56,2.00,0.74,2.00,0.74,-0.74,-0.78,-0.46,1.26,1.26,1.26
380.33,1.94,0.68,1.94,0.68,-0.68,-0.73,-0.39,1.26,1.26,1.27
384.13,1.89,0.63,1.89,0.62,-0.63,-0.68,-0.32,1.27,1.27,1.27
387.97,1.85,0.57,1.85,0.57,-0.57,-0.63,-0.25,1.27,1.27,1.28
391.85,1.80,0.51,1.80,0.52,-0.52,-0.58,-0.19,1.28,1.28,1.29
395.77,1.75,0.47,1.75,0.46,-0.46,-0.52,-0.12,1.29,1.29,1.29
399.73,1.71,0.41,1.71,0.41,-0.41,-0.47,-0.06,1.30,1.30,1.30
403.72,1.66,0.36,1.66,0.36,-0.36,-0.42,0.01,1.30,1.30,1.31
407.76,1.62,0.31,1.62,0.31,-0.31,-0.37,0.07,1.31,1.31,1.31
411.84,1.57,0.26,1.57,0.26,-0.26,-0.32,0.13,1.32,1.32,1.32
415.96,1.53,0.20,1.53,0.20,-0.20,-0.27,0.19,1.32,1.32,1.33
420.12,1.48,0.15,1.48,0.15,-0.15,-0.22,0.25,1.33,1.33,1.33
424.32,1.43,0.10,1.43,0.10,-0.10,-0.17,0.31,1.34,1.34,1.34
428.56,1.39,0.04,1.39,0.04,-0.04,-0.11,0.37,1.34,1.34,1.35
432.85,1.34,-0.01,1.34,-0.01,0.01,-0.06,0.43,1.35,1.35,1.36
437.18,1.30,-0.06,1.30,-0.06,0.06,-0.01,0.48,1.36,1.36,1.36
441.55,1.25,-0.12,1.25,-0.12,0.12,0.04,0.54,1.37,1.37,1.37
445.96,1.21,-0.17,1.21,-0.17,0.17,0.09,0.59,1.38,1.38,1.38
450.42,1.16,-0.23,1.16,-0.23,0.23,0.15,0.64,1.39,1.39,1.39
454.93,1.12,-0.28,1.12,-0.28,0.28,0.20,0.69,1.40,1.40,1.40
459.48,1.07,-0.33,1.07,-0.33,0.33,0.25,0.74,1.41,1.41,1.41
464.07,1.03,-0.39,1.03,-0.39,0.39,0.31,0.79,1.42,1.42,1.42
468.71,0.98,-0.44,0.98,-0.44,0.44,0.36,0.84,1.43,1.43,1.43
473.40,0.94,-0.50,0.94,-0.50,0.50,0.41,0.88,1.44,1.44,1.44
478.13,0.89,-0.55,0.89,-0.55,0.55,0.47,0.92,1.45,1.45,1.45
482.91,0.85,-0.61,0.85,-0.61,0.61,0.52,0.96,1.46,1.46,1.46
487.74,0.80,-0.66,0.80,-0.66,0.66,0.57,1.00,1.47,1.47,1.47
492.62,0.76,-0.72,0.76,-0.71,0.72,0.63,1.03,1.48,1.48,1.48
497.55,0.72,-0.77,0.72,-0.77,0.77,0.68,1.07,1.49,1.49,1.49
502.52,0.67,-0.82,0.67,-0.83,0.83,0.74,1.10,1.50,1.50,1.50
507.55,0.63,-0.89,0.63,-0.89,0.88,0.79,1.13,1.51,1.51,1.52
512.62,0.58,-0.94,0.58,-0.94,0.94,0.85,1.15,1.52,1.52,1.53
517.75,0.54,-0.99,0.54,-0.99,0.99,0.90,1.18,1.53,1.53,1.54
522.93,0.50,-1.04,0.50,-1.04,1.04,0.96,1.20,1.54,1.54,1.55
528.16,0.47,-1.09,0.47,-1.09,1.09,1.02,1.23,1.56,1.56,1.56
533.44,0.43,-1.14,0.43,-1.14,1.14,1.07,1.25,1.57,1.57,1.57
538.77,0.39,-1.19,0.39,-1.19,1.19,1.13,1.27,1.58,1.58,1.58
544.16,0.35,-1.24,0.35,-1.24,1.24,1.18,1.29,1.60,1.60,1.60
549.60,0.31,-1.29,0.31,-1.29,1.29,1.24,1.30,1.61,1.61,1.61
555.10,0.28,-1.35,0.28,-1.35,1.34,1.30,1.32,1.62,1.62,1.63
560.65,0.24,-1.39,0.24,-1.39,1.39,1.36,1.33,1.63,1.63,1.64
566.25,0.21,-1.44,0.21,-1.44,1.44,1.41,1.35,1.64,1.64,1.65
571.92,0.17,-1.48,0.17,-1.48,1.48,1.47,1.36,1.66,1.66,1.66
577.64,0.14,-1.53,0.14,-1.53,1.53,1.53,1.38,1.67,1.67,1.67
583.41,0.10,-1.57,0.10,-1.57,1.57,1.59,1.39,1.68,1.68,1.68
589.25,0.07,-1.62,0.07,-1.62,1.62,1.64,1.40,1.69,1.69,1.69
595.14,0.03,-1.66,0.03,-1.66,1.67,1.70,1.42,1.70,1.70,1.70
601.09,-0.00,-1.71,-0.00,-1.71,1.72,1.76,1.43,1.71,1.71,1.71
607.10,-0.04,-1.76,-0.04,-1.76,1.77,1.82,1.44,1.73,1.73,1.73
613.17,-0.07,-1.82,-0.07,-1.82,1.82,1.87,1.46,1.75,1.75,1.75
619.30,-0.10,-1.87,-0.10,-1.87,1.87,1.93,1.47,1.76,1.76,1.77
625.50,-0.14,-1.92,-0.14,-1.92,1.92,1.99,1.49,1.78,1.78,1.79
631.75,-0.17,-1.97,-0.17,-1.97,1.97,2.04,1.51,1.80,1.80,1.80
638.07,-0.20,-2.02,-0.20,-2.02,2.02,2.10,1.53,1.81,1.81,1.82
644.45,-0.24,-2.07,-0.24,-2.07,2.07,2.15,1.54,1.83,1.83,1.84
650.89,-0.27,-2.11,-0.27,-2.12,2.11,2.21,1.56,1.85,1.85,1.85
657.40,-0.30,-2.16,-0.30,-2.16,2.16,2.26,1.59,1.86,1.86,1.87
663.98,-0.33,-2.20,-0.33,-2.21,2.21,2.32,1.61,1.88,1.88,1.88
670.62,-0.36,-2.25,-0.36,-2.25,2.26,2.37,1.63,1.90,1.90,1.90
677.32,-0.39,-2.30,-0.39,-2.30,2.30,2.42,1.66,1.92,1.92,1.92
684.10,-0.42,-2.35,-0.42,-2.35,2.35,2.47,1.68,1.94,1.94,1.94
690.94,-0.45,-2.40,-0.44,-2.40,2.40,2.52,1.71,1.95,1.95,1.96
697.85,-0.47,-2.45,-0.47,-2.45,2.45,2.57,1.74,1.97,1.97,1.98
704.83,-0.50,-2.50,-0.50,-2.50,2.50,2.62,1.77,2.00,2.00,2.00
711.87,-0.53,-2.54,-0.53,-2.54,2.55,2.67,1.80,2.02,2.02,2.02
718.99,-0.55,-2.59,-0.55,-2.59,2.59,2.71,1.84,2.04,2.04,2.04
726.18,-0.58,-2.64,-0.58,-2.64,2.64,2.75,1.87,2.06,2.06,2.06
733.44,-0.61,-2.68,-0.61,-2.69,2.68,2.79,1.91,2.07,2.07,2.08
740.78,-0.63,-2.73,-0.63,-2.73,2.72,2.83,1.95,2.09,2.09,2.10
748.19,-0.66,-2.77,-0.65,-2.77,2.76,2.87,1.99,2.11,2.11,2.12
755.67,-0.67,-2.80,-0.67,-2.80,2.80,2.91,2.03,2.13,2.13,2.14
763.23,-0.67,-2.83,-0.68,-2.83,2.83,2.94,2.07,2.16,2.16,2.16
770.86,-0.68,-2.86,-0.68,-2.86,2.87,2.97,2.11,2.18,2.18,2.18
778.57,-0.69,-2.89,-0.69,-2.89,2.90,3.00,2.16,2.20,2.20,2.20
786.35,-0.70,-2.92,-0.70,-2.92,2.92,3.02,2.20,2.22,2.22,2.22
794.22,-0.71,-2.96,-0.71,-2.96,2.95,3.04,2.25,2.24,2.24,2.25
802.16,-0.72,-2.99,-0.72,-2.98,2.98,3.06,2.29,2.26,2.26,2.27
810.18,-0.72,-3.01,-0.72,-3.01,3.00,3.08,2.34,2.28,2.28,2.29
818.28,-0.72,-3.03,-0.72,-3.03,3.03,3.09,2.39,2.31,2.31,2.31
826.46,-0.72,-3.04,-0.72,-3.05,3.06,3.11,2.44,2.34,2.34,2.33
834.73,-0.72,-3.07,-0.72,-3.07,3.08,3.11,2.48,2.36,2.36,2.36
843.08,-0.72,-3.09,-0.72,-3.09,3.10,3.12,2.53,2.38,2.38,2.38
851.51,-0.71,-3.11,-0.72,-3.12,3.11,3.12,2.58,2.40,2.40,2.40
860.02,-0.71,-3.14,-0.71,-3.13,3.12,3.12,2.62,2.41,2.41,2.43
868.62,-0.70,-3.15,-0.69,-3.15,3.13,3.11,2.66,2.44,2.44,2.46
877.31,-0.67,-3.14,-0.67,-3.15,3.14,3.10,2.71,2.48,2.47,2.48
886.08,-0.63,-3.14,-0.64,-3.14,3.15,3.09,2.75,2.51,2.51,2.51
894.94,-0.60,-3.13,-0.60,-3.13,3.15,3.07,2.78,2.54,2.54,2.53
903.89,-0.57,-3.13,-0.57,-3.13,3.14,3.05,2.82,2.57,2.57,2.56
912.93,-0.54,-3.13,-0.55,-3.13,3.13,3.03,2.85,2.59,2.59,2.59
922.06,-0.51,-3.14,-0.51,-3.13,3.12,3.01,2.88,2.61,2.61,2.63
931.28,-0.48,-3.13,-0.47,-3.12,3.11,2.98,2.90,2.63,2.64,2.66
940.59,-0.41,-3.10,-0.41,-3.10,3.09,2.95,2.92,2.68,2.68,2.69
950.00,-0.35,-3.06,-0.35,-3.06,3.07,2.91,2.94,2.72,2.72,2.72
959.50,-0.28,-3.03,-0.28,-3.03,3.04,2.87,2.95,2.76,2.76,2.75
969.09,-0.21,-3.00,-0.21,-3.00,3.01,2.83,2.96,2.80,2.80,2.79
978.78,-0.15,-2.96,-0.15,-2.97,2.97,2.79,2.96,2.83,2.82,2.82
988.57,-0.08,-2.94,-0.08,-2.94,2.93,2.74,2.96,2.85,2.84,2.86
998.46,-0.02,-2.90,-0.01,-2.90,2.88,2.69,2.95,2.86,2.87,2.89
1008.44,0.08,-2.84,0.09,-2.84,2.83,2.64,2.94,2.91,2.91,2.93
1018.53,0.20,-2.77,0.19,-2.77,2.77,2.58,2.92,2.96,2.96,2.97
1028.71,0.31,-2.70,0.31,-2.70,2.70,2.53,2.89,3.01,3.01,3.01
1039.00,0.42,-2.61,0.42,-2.62,2.63,2.47,2.86,3.05,3.05,3.04
1049.39,0.53,-2.54,0.53,-2.54,2.56,2.41,2.83,3.09,3.09,3.08
1059.88,0.65,-2.47,0.64,-2.47,2.48,2.34,2.79,3.12,3.12,3.12
1070.48,0.76,-2.41,0.76,-2.40,2.39,2.28,2.75,3.15,3.15,3.17
1081.19,0.88,-2.32,0.89,-2.32,2.31,2.22,2.70,3.19,3.19,3.21
1092.00,1.03,-2.23,1.03,-2.23,2.22,2.15,2.65,3.25,3.25,3.26
1102.92,1.18,-2.13,1.18,-2.13,2.13,2.08,2.59,3.31,3.30,3.31
1113.95,1.33,-2.02,1.33,-2.03,2.03,2.01,2.53,3.36,3.36,3.35
1125.09,1.47,-1.93,1.47,-1.93,1.94,1.94,2.47,3.41,3.41,3.41
1136.34,1.62,-1.83,1.62,-1.84,1.84,1.87,2.40,3.46,3.46,3.46
1147.70,1.77,-1.75,1.77,-1.75,1.74,1.80,2.34,3.51,3.51,3.52
1159.18,1.92,-1.66,1.92,-1.65,1.65,1.72,2.26,3.57,3.57,3.58
1170.77,2.07,-1.55,2.07,-1.55,1.55,1.65,2.19,3.62,3.62,3.63
1182.48,2.23,-1.45,2.23,-1.46,1.45,1.58,2.12,3.69,3.68,3.69
1194.30,2.39,-1.36,2.39,-1.36,1.36,1.50,2.04,3.75,3.75,3.75
1206.25,2.55,-1.27,2.55,-1.27,1.26,1.43,1.97,3.81,3.81,3.82
1218.31,2.71,-1.17,2.71,-1.17,1.17,1.36,1.89,3.87,3.87,3.88
1230.49,2.86,-1.07,2.86,-1.07,1.08,1.28,1.81,3.94,3.94,3.94
1242.80,3.02,-0.98,3.02,-0.98,0.99,1.21,1.73,4.01,4.01,4.00
1255.22,3.17,-0.90,3.17,-0.90,0.91,1.14,1.66,4.08,4.08,4.07
1267.78,3.31,-0.83,3.31,-0.83,0.83,1.06,1.58,4.15,4.15,4.15
1280.45,3.45,-0.76,3.45,-0.77,0.76,0.99,1.50,4.21,4.21,4.22
1293.26,3.59,-0.70,3.59,-0.70,0.69,0.92,1.42,4.28,4.28,4.30
1306.19,3.73,-0.63,3.73,-0.64,0.63,0.84,1.34,4.36,4.36,4.37
1319.25,3.87,-0.57,3.87,-0.57,0.57,0.77,1.26,4.44,4.44,4.45
1332.45,4.01,-0.50,4.01,-0.51,0.51,0.70,1.18,4.52,4.53,4.52
1345.77,4.15,-0.44,4.15,-0.45,0.46,0.63,1.11,4.61,4.61,4.60
1359.23,4.27,-0.40,4.27,-0.40,0.41,0.56,1.03,4.68,4.68,4.68
1372.82,4.39,-0.36,4.40,-0.36,0.36,0.50,0.95,4.76,4.76,4.76
1386.55,4.52,-0.32,4.52,-0.32,0.31,0.43,0.88,4.83,4.83,4.84
1400.41,4.64,-0.28,4.64,-0.28,0.27,0.36,0.80,4.91,4.91,4.92
1414.42,4.76,-0.24,4.76,-0.23,0.23,0.30,0.72,4.99,4.99,5.00
1428.56,4.88,-0.19,4.88,-0.19,0.19,0.23,0.65,5.07,5.07,5.07
1442.85,5.00,-0.15,5.00,-0.15,0.15,0.17,0.57,5.15,5.15,5.15
1457.28,5.12,-0.11,5.12,-0.10,0.11,0.11,0.50,5.22,5.22,5.23
1471.85,5.23,-0.06,5.24,-0.06,0.07,0.05,0.43,5.30,5.30,5.30
1486.57,5.35,-0.03,5.35,-0.02,0.03,-0.01,0.35,5.38,5.38,5.38
1501.43,5.47,0.01,5.47,0.01,-0.00,-0.07,0.28,5.46,5.46,5.46
1516.45,5.58,0.04,5.58,0.04,-0.03,-0.13,0.21,5.55,5.55,5.55
1531.61,5.70,0.06,5.70,0.06,-0.07,-0.18,0.14,5.63,5.63,5.64
1546.93,5.81,0.09,5.81,0.09,-0.10,-0.24,0.07,5.72,5.72,5.73
1562.40,5.93,0.12,5.93,0.12,-0.13,-0.29,0.00,5.80,5.81,5.82
1578.02,6.06,0.15,6.06,0.16,-0.16,-0.34,-0.07,5.90,5.90,5.91
1593.80,6.19,0.20,6.19,0.19,-0.19,-0.39,-0.13,6.00,6.00,5.99
1609.74,6.32,0.23,6.32,0.23,-0.22,-0.44,-0.20,6.10,6.10,6.09
1625.84,6.44,0.26,6.44,0.26,-0.25,-0.49,-0.27,6.19,6.19,6.19
1642.10,6.57,0.28,6.57,0.28,-0.28,-0.54,-0.33,6.29,6.29,6.30
1658.52,6.70,0.30,6.70,0.30,-0.31,-0.58,-0.39,6.39,6.39,6.40
1675.10,6.83,0.33,6.83,0.34,-0.34,-0.62,-0.46,6.48,6.49,6.50
1691.85,6.97,0.37,6.97,0.37,-0.38,-0.67,-0.52,6.59,6.60,6.60
1708.77,7.12,0.42,7.12,0.41,-0.41,-0.71,-0.57,6.71,6.71,6.71
1725.86,7.27,0.45,7.27,0.45,-0.44,-0.74,-0.63,6.83,6.83,6.83
1743.12,7.42,0.49,7.42,0.48,-0.48,-0.78,-0.68,6.95,6.95,6.94
1760.55,7.57,0.52,7.57,0.52,-0.51,-0.82,-0.74,7.06,7.06,7.06
1778.15,7.72,0.55,7.72,0.55,-0.55,-0.85,-0.79,7.17,7.17,7.18
1795.94,7.88,0.59,7.88,0.58,-0.59,-0.88,-0.83,7.28,7.28,7.29
1813.90,8.03,0.62,8.04,0.62,-0.63,-0.91,-0.88,7.40,7.41,7.42
1832.03,8.21,0.67,8.21,0.67,-0.67,-0.94,-0.92,7.54,7.53,7.54
1850.36,8.38,0.72,8.38,0.71,-0.71,-0.96,-0.95,7.67,7.67,7.67
1868.86,8.56,0.76,8.56,0.76,-0.76,-0.99,-0.99,7.80,7.80,7.80
1887.55,8.73,0.81,8.73,0.81,-0.80,-1.01,-1.02,7.93,7.93,7.93
1906.42,8.91,0.85,8.91,0.85,-0.85,-1.03,-1.04,8.06,8.06,8.06
1925.49,9.08,0.90,9.08,0.89,-0.89,-1.05,-1.06,8.19,8.19,8.19
1944.74,9.26,0.93,9.26,0.94,-0.93,-1.07,-1.08,8.32,8.32,8.33
1964.19,9.44,0.98,9.44,0.98,-0.98,-1.08,-1.09,8.45,8.45,8.46
1983.83,9.62,1.02,9.62,1.02,-1.03,-1.09,-1.10,8.58,8.58,8.60
2003.67,9.80,1.07,9.80,1.07,-1.09,-1.10,-1.10,8.71,8.71,8.73
2023.71,9.98,1.13,9.98,1.13,-1.14,-1.11,-1.10,8.84,8.84,8.85
2043.94,10.16,1.19,10.16,1.20,-1.20,-1.11,-1.10,8.96,8.96,8.97
2064.38,10.34,1.26,10.34,1.26,-1.25,-1.11,-1.09,9.09,9.09,9.08
2085.03,10.52,1.32,10.52,1.32,-1.31,-1.11,-1.07,9.21,9.21,9.20
2105.88,10.69,1.37,10.68,1.37,-1.36,-1.11,-1.05,9.33,9.33,9.32
2126.94,10.84,1.41,10.84,1.41,-1.41,-1.11,-1.03,9.44,9.44,9.44
2148.20,10.99,1.44,10.99,1.44,-1.45,-1.10,-1.00,9.54,9.54,9.56
2169.69,11.15,1.47,11.15,1.47,-1.49,-1.09,-0.97,9.65,9.65,9.68
2191.38,11.30,1.50,11.30,1.50,-1.52,-1.07,-0.94,9.78,9.78,9.80
2213.30,11.45,1.53,11.46,1.54,-1.54,-1.06,-0.90,9.91,9.92,9.92
2235.43,11.60,1.57,11.61,1.57,-1.55,-1.04,-0.86,10.06,10.06,10.04
2257.78,11.75,1.61,11.73,1.58,-1.54,-1.01,-0.82,10.21,10.19,10.15
2280.36,11.82,1.55,11.82,1.56,-1.53,-0.98,-0.77,10.29,10.29,10.27
2303.17,11.88,1.50,11.89,1.51,-1.51,-0.95,-0.72,10.37,10.38,10.38
2326.20,11.94,1.44,11.94,1.44,-1.48,-0.92,-0.67,10.46,10.46,10.50
2349.46,12.00,1.38,12.00,1.39,-1.44,-0.88,-0.62,10.56,10.56,10.62
2372.95,12.06,1.34,12.07,1.35,-1.38,-0.84,-0.57,10.68,10.69,10.72
2396.68,12.12,1.31,12.13,1.32,-1.30,-0.79,-0.51,10.82,10.83,10.81
2420.65,12.18,1.27,12.16,1.26,-1.21,-0.74,-0.45,10.97,10.95,10.91
2444.86,12.17,1.17,12.16,1.16,-1.11,-0.68,-0.39,11.06,11.04,11.00
2469.31,12.10,1.02,12.11,1.02,-1.01,-0.62,-0.33,11.10,11.11,11.09
2494.00,12.04,0.85,12.04,0.86,-0.89,-0.55,-0.27,11.15,11.16,11.19
2518.94,11.97,0.71,11.97,0.71,-0.75,-0.48,-0.21,11.22,11.22,11.27
2544.13,11.91,0.57,11.91,0.57,-0.60,-0.40,-0.15,11.31,11.31,11.34
2569.57,11.84,0.42,11.85,0.43,-0.43,-0.32,-0.08,11.41,11.42,11.42
2595.27,11.77,0.28,11.77,0.28,-0.26,-0.23,-0.02,11.52,11.52,11.50
2621.22,11.70,0.12,11.68,0.10,-0.08,-0.13,0.05,11.62,11.60,11.58
2647.43,11.55,-0.10,11.55,-0.09,0.11,-0.02,0.11,11.66,11.66,11.65
2673.90,11.40,-0.31,11.41,-0.30,0.30,0.09,0.18,11.70,11.71,11.71
2700.64,11.25,-0.51,11.25,-0.51,0.50,0.21,0.25,11.76,11.76,11.77
2727.65,11.10,-0.72,11.10,-0.72,0.71,0.33,0.32,11.81,11.81,11.83
2754.93,10.96,-0.93,10.96,-0.93,0.92,0.47,0.38,11.87,11.88,11.89
2782.48,10.81,-1.14,10.81,-1.14,1.13,0.61,0.45,11.93,11.94,11.95
2810.30,10.66,-1.34,10.66,-1.33,1.33,0.76,0.52,11.99,11.99,12.00
2838.40,10.50,-1.53,10.50,-1.53,1.54,0.92,0.59,12.03,12.03,12.03
2866.79,10.33,-1.73,10.33,-1.73,1.74,1.09,0.66,12.07,12.07,12.06
2895.46,10.16,-1.93,10.16,-1.93,1.94,1.27,0.73,12.10,12.10,12.10
2924.41,10.00,-2.13,10.00,-2.13,2.14,1.46,0.80,12.13,12.13,12.13
2953.65,9.83,-2.33,9.83,-2.33,2.33,1.66,0.87,12.16,12.16,12.16
2983.19,9.66,-2.53,9.66,-2.53,2.52,1.87,0.95,12.18,12.18,12.19
3013.02,9.49,-2.72,9.49,-2.72,2.71,2.08,1.02,12.20,12.21,12.22
3043.15,9.33,-2.90,9.34,-2.90,2.89,2.31,1.09,12.23,12.23,12.24
3073.58,9.19,-3.06,9.19,-3.07,3.07,2.54,1.16,12.26,12.26,12.26
3104.32,9.05,-3.23,9.05,-3.23,3.24,2.78,1.24,12.29,12.29,12.29
3135.36,8.91,-3.39,8.91,-3.39,3.40,3.02,1.31,12.31,12.31,12.31
3166.72,8.77,-3.54,8.77,-3.54,3.55,3.27,1.39,12.32,12.32,12.32
3198.38,8.63,-3.68,8.63,-3.69,3.69,3.51,1.46,12.32,12.31,12.32
3230.37,8.49,-3.82,8.49,-3.82,3.81,3.75,1.53,12.30,12.30,12.32
3262.67,8.35,-3.95,8.37,-3.94,3.93,3.99,1.61,12.28,12.29,12.31
3295.30,8.26,-4.04,8.26,-4.04,4.03,4.21,1.68,12.30,12.30,12.31
3328.25,8.18,-4.12,8.18,-4.13,4.13,4.42,1.75,12.31,12.31,12.31
3361.53,8.10,-4.20,8.10,-4.20,4.22,4.61,1.82,12.31,12.31,12.30
3395.15,8.02,-4.27,8.02,-4.27,4.29,4.77,1.89,12.31,12.31,12.29
3429.10,7.94,-4.33,7.93,-4.34,4.35,4.90,1.96,12.28,12.28,12.27
3463.39,7.85,-4.39,7.85,-4.40,4.40,4.99,2.03,12.25,12.24,12.25
3498.03,7.77,-4.47,7.78,-4.45,4.43,5.04,2.10,12.20,12.21,12.24
3533.01,7.72,-4.49,7.73,-4.48,4.45,5.05,2.16,12.18,12.19,12.22
3568.34,7.71,-4.47,7.71,-4.48,4.47,5.02,2.22,12.18,12.18,12.19
3604.02,7.70,-4.45,7.70,-4.46,4.47,4.94,2.28,12.18,12.17,12.16
3640.06,7.69,-4.43,7.69,-4.43,4.46,4.83,2.34,12.16,12.16,12.13
3676.46,7.69,-4.40,7.68,-4.41,4.44,4.68,2.39,12.12,12.12,12.09
3713.22,7.68,-4.38,7.67,-4.39,4.39,4.50,2.44,12.07,12.06,12.06
3750.36,7.67,-4.36,7.66,-4.36,4.33,4.30,2.49,12.00,12.00,12.03
3787.86,7.66,-4.32,7.69,-4.30,4.26,4.08,2.53,11.92,11.95,11.99
3825.74,7.75,-4.20,7.75,-4.21,4.18,3.84,2.56,11.94,11.93,11.96
3864.00,7.84,-4.07,7.83,-4.08,4.09,3.60,2.60,11.93,11.93,11.92
3902.64,7.93,-3.94,7.93,-3.94,3.99,3.35,2.62,11.92,11.92,11.88
3941.66,8.02,-3.81,8.02,-3.82,3.86,3.10,2.64,11.88,11.88,11.84
3981.08,8.11,-3.69,8.11,-3.70,3.71,2.85,2.66,11.82,11.82,11.81
4020.89,8.20,-3.56,8.20,-3.57,3.54,2.60,2.67,11.75,11.74,11.77
4061.10,8.29,-3.42,8.32,-3.40,3.36,2.37,2.68,11.65,11.67,11.72
4101.71,8.47,-3.20,8.48,-3.19,3.16,2.14,2.68,11.63,11.64,11.67
4142.73,8.69,-2.94,8.68,-2.95,2.94,1.91,2.68,11.63,11.62,11.63
4184.15,8.91,-2.67,8.90,-2.68,2.70,1.70,2.67,11.61,11.60,11.58
4226.00,9.13,-2.41,9.12,-2.41,2.43,1.50,2.66,11.56,11.56,11.54
4268.26,9.35,-2.14,9.34,-2.14,2.14,1.30,2.64,11.49,11.48,11.49
4310.94,9.57,-1.87,9.58,-1.86,1.83,1.12,2.62,11.40,11.41,11.44
4354.05,9.84,-1.55,9.85,-1.54,1.50,0.95,2.59,11.34,11.35,11.39
4397.59,10.14,-1.19,10.14,-1.20,1.17,0.79,2.56,11.31,11.31,11.34
4441.56,10.45,-0.84,10.45,-0.84,0.84,0.64,2.53,11.29,11.29,11.29
4485.98,10.75,-0.48,10.76,-0.47,0.50,0.50,2.50,11.26,11.27,11.24
4530.84,11.06,-0.12,11.05,-0.13,0.17,0.36,2.46,11.23,11.22,11.18
4576.15,11.32,0.20,11.31,0.19,-0.17,0.24,2.42,11.16,11.15,11.13
4621.91,11.54,0.47,11.55,0.48,-0.49,0.13,2.38,11.05,11.05,11.07
4668.13,11.76,0.74,11.76,0.75,-0.80,0.03,2.34,10.96,10.97,11.02
4714.81,11.97,1.02,11.97,1.02,-1.07,-0.06,2.30,10.90,10.91,10.96
4761.96,12.19,1.29,12.21,1.31,-1.30,-0.15,2.25,10.89,10.91,10.90
4809.58,12.41,1.56,12.41,1.57,-1.51,-0.22,2.21,10.90,10.90,10.85
4857.67,12.61,1.82,12.54,1.76,-1.68,-0.29,2.17,10.92,10.86,10.79
4906.25,12.58,1.86,12.60,1.87,-1.83,-0.34,2.12,10.75,10.76,10.73
4955.31,12.56,1.90,12.58,1.92,-1.95,-0.39,2.08,10.61,10.64,10.67
5004.87,12.54,1.93,12.54,1.93,-2.01,-0.43,2.03,10.53,10.53,10.61
5054.91,12.52,1.95,12.53,1.96,-2.02,-0.46,1.99,10.50,10.51,10.57
5105.46,12.49,1.98,12.52,2.01,-1.98,-0.48,1.95,10.52,10.54,10.52
5156.52,12.47,2.01,12.45,1.98,-1.89,-0.49,1.91,10.59,10.56,10.47
5208.08,12.34,1.92,12.28,1.86,-1.76,-0.49,1.87,10.58,10.52,10.42
5260.16,11.97,1.60,11.99,1.62,-1.59,-0.48,1.83,10.38,10.40,10.37
5312.77,11.60,1.29,11.63,1.32,-1.39,-0.45,1.80,10.21,10.24,10.32
5365.89,11.24,0.98,11.24,0.99,-1.16,-0.42,1.76,10.08,10.09,10.26
5419.55,10.87,0.67,10.85,0.65,-0.89,-0.37,1.73,9.97,9.95,10.20
5473.75,10.41,0.27,10.40,0.25,-0.62,-0.30,1.70,9.79,9.78,10.15
5528.49,9.90,-0.18,9.90,-0.18,-0.34,-0.22,1.67,9.56,9.56,10.09
5583.77,9.39,-0.64,9.40,-0.63,-0.08,-0.12,1.64,9.32,9.33,10.04
5639.61,8.91,-1.06,8.94,-1.04,0.18,-0.00,1.61,9.10,9.12,9.98
5696.00,8.53,-1.41,8.52,-1.41,0.44,0.14,1.59,8.97,8.97,9.94
5752.96,8.14,-1.74,8.14,-1.75,0.70,0.31,1.57,8.85,8.84,9.89
5810.49,7.76,-2.07,7.77,-2.06,0.96,0.51,1.54,8.72,8.73,9.84
5868.60,7.39,-2.39,7.43,-2.36,1.22,0.74,1.53,8.61,8.65,9.79
5927.28,7.09,-2.64,7.11,-2.63,1.48,1.00,1.51,8.57,8.59,9.74
5986.56,6.79,-2.90,6.82,-2.86,1.73,1.30,1.49,8.52,8.55,9.69
6046.42,6.49,-3.13,6.53,-3.08,2.01,1.64,1.48,8.50,8.54,9.62
6106.89,6.18,-3.34,6.26,-3.27,2.30,2.00,1.47,8.48,8.56,9.53
6167.96,5.90,-3.55,6.04,-3.41,2.58,2.38,1.45,8.48,8.62,9.45
6229.64,5.73,-3.64,5.86,-3.50,2.85,2.76,1.45,8.57,8.71,9.37
6291.93,5.55,-3.73,5.73,-3.54,3.08,3.11,1.44,8.63,8.81,9.29
6354.85,5.38,-3.83,5.63,-3.56,3.26,3.39,1.43,8.64,8.89,9.21
6418.40,5.21,-3.92,5.52,-3.58,3.37,3.56,1.43,8.58,8.89,9.13
6482.58,5.03,-4.00,5.45,-3.57,3.41,3.60,1.42,8.44,8.86,9.04
6547.41,4.86,-4.10,5.44,-3.48,3.37,3.50,1.42,8.23,8.82,8.96
6612.88,4.86,-4.02,5.52,-3.30,3.26,3.30,1.42,8.12,8.78,8.88
6679.01,4.91,-3.89,5.66,-3.06,3.08,3.01,1.42,7.99,8.74,8.80
6745.80,4.96,-3.74,5.83,-2.77,2.84,2.69,1.42,7.80,8.67,8.70
6813.26,5.01,-3.57,5.98,-2.49,2.55,2.37,1.42,7.57,8.54,8.59
6881.39,5.06,-3.41,6.11,-2.24,2.25,2.06,1.42,7.32,8.36,8.48
6950.21,5.12,-3.26,6.23,-1.98,1.97,1.79,1.42,7.09,8.20,8.38
7019.71,5.17,-3.10,6.36,-1.71,1.70,1.55,1.42,6.87,8.07,8.27
7089.91,5.51,-2.64,6.48,-1.45,1.47,1.34,1.42,6.98,7.94,8.16
7160.81,5.85,-2.17,6.56,-1.23,1.26,1.17,1.42,7.11,7.82,8.03
7232.41,6.19,-1.69,6.59,-1.05,1.09,1.03,1.41,7.29,7.68,7.89
7304.74,6.54,-1.21,6.57,-0.92,0.95,0.92,1.41,7.49,7.52,7.75
7377.79,6.99,-0.62,6.50,-0.84,0.85,0.84,1.41,7.84,7.35,7.61
7451.56,7.51,0.04,6.41,-0.79,0.78,0.77,1.40,8.29,7.19,7.47
7526.08,8.02,0.70,6.29,-0.76,0.75,0.73,1.39,8.78,7.04,7.33
7601.34,8.72,1.54,6.15,-0.75,0.75,0.70,1.38,9.47,6.90,7.19
7677.35,9.55,2.50,5.98,-0.77,0.77,0.68,1.37,10.32,6.75,7.06
7754.13,10.13,3.22,5.80,-0.81,0.81,0.68,1.35,10.94,6.61,6.92
7831.67,10.50,3.72,5.60,-0.86,0.86,0.68,1.33,11.35,6.45,6.78
7909.98,10.86,4.22,5.39,-0.92,0.92,0.69,1.30,11.78,6.31,6.65
7989.08,11.23,4.72,5.18,-0.98,0.98,0.71,1.28,12.21,6.16,6.51
8068.98,12.06,5.71,4.96,-1.04,1.05,0.74,1.25,13.11,6.01,6.35
8149.67,12.25,6.08,4.73,-1.12,1.12,0.77,1.21,13.37,5.85,6.18
8231.16,11.63,5.61,4.51,-1.19,1.18,0.80,1.17,12.81,5.69,6.02
8313.47,11.00,5.15,4.30,-1.24,1.23,0.83,1.13,12.23,5.53,5.85
8396.61,10.23,4.55,4.10,-1.28,1.27,0.86,1.08,11.50,5.38,5.68
8480.57,8.94,3.43,3.92,-1.31,1.30,0.89,1.03,10.25,5.22,5.52
8565.38,7.60,2.27,3.75,-1.32,1.31,0.92,0.98,8.91,5.06,5.33
8651.03,6.33,1.18,3.60,-1.32,1.31,0.95,0.92,7.64,4.91,5.15
8737.54,5.18,0.22,3.47,-1.29,1.29,0.97,0.86,6.46,4.75,4.96
8824.92,4.08,-0.69,3.35,-1.25,1.25,0.99,0.80,5.33,4.60,4.77
8913.17,3.26,-1.31,3.24,-1.20,1.21,1.00,0.74,4.47,4.45,4.58
9002.30,2.59,-1.80,3.14,-1.14,1.15,1.00,0.67,3.74,4.29,4.39
9092.32,1.97,-2.21,3.04,-1.08,1.09,1.00,0.60,3.06,4.13,4.19
9183.25,1.44,-2.54,2.95,-1.01,1.02,0.99,0.53,2.46,3.97,3.98
9275.08,0.91,-2.86,2.87,-0.94,0.94,0.97,0.45,1.85,3.81,3.77
9367.83,0.38,-3.18,2.79,-0.86,0.86,0.94,0.38,1.24,3.65,3.56
9461.51,0.01,-3.33,2.72,-0.77,0.76,0.91,0.30,0.78,3.48,3.35
9556.12,-0.35,-3.49,2.65,-0.68,0.66,0.86,0.22,0.31,3.31,3.14
9651.68,-0.72,-3.62,2.61,-0.56,0.54,0.80,0.14,-0.17,3.15,2.91
9748.20,-1.08,-3.77,2.57,-0.44,0.43,0.74,0.06,-0.65,2.99,2.69
9845.68,-1.36,-3.83,2.54,-0.31,0.31,0.66,-0.02,-1.05,2.85,2.47
9944.14,-1.46,-3.70,2.51,-0.18,0.19,0.58,-0.10,-1.26,2.71,2.25
10043.58,-1.55,-3.58,2.49,-0.03,0.08,0.49,-0.18,-1.47,2.58,2.03
10144.02,-1.65,-3.48,2.39,0.05,-0.03,0.38,-0.27,-1.68,2.36,1.83
10245.46,-1.75,-3.37,2.28,0.13,-0.13,0.28,-0.35,-1.88,2.15,1.63
10347.91,-1.84,-3.27,2.17,0.22,-0.22,0.16,-0.44,-2.07,1.94,1.43
10451.39,-1.94,-3.17,2.06,0.30,-0.31,0.04,-0.52,-2.25,1.75,1.23
10555.91,-1.91,-2.94,1.95,0.39,-0.40,-0.09,-0.61,-2.31,1.55,1.03
10661.46,-1.78,-2.61,1.84,0.48,-0.49,-0.22,-0.70,-2.27,1.36,0.83
10768.08,-1.65,-2.27,1.74,0.58,-0.58,-0.36,-0.79,-2.23,1.16,0.62
10875.76,-1.52,-1.93,1.63,0.67,-0.67,-0.50,-0.88,-2.19,0.96,0.41
10984.52,-1.39,-1.59,1.52,0.77,-0.77,-0.65,-0.98,-2.16,0.75,0.20
11094.36,-1.26,-1.25,1.42,0.87,-0.87,-0.79,-1.08,-2.13,0.54,-0.01
11205.31,-1.13,-0.91,1.31,0.98,-0.98,-0.94,-1.18,-2.11,0.33,-0.22
11317.36,-0.93,-0.49,1.20,1.08,-1.08,-1.09,-1.28,-2.01,0.12,-0.44
11430.53,-0.65,0.01,1.10,1.19,-1.19,-1.24,-1.38,-1.84,-0.09,-0.66
11544.84,-0.38,0.51,0.99,1.30,-1.30,-1.39,-1.49,-1.67,-0.31,-0.88
11660.29,-0.10,1.00,0.89,1.41,-1.41,-1.55,-1.60,-1.51,-0.52,-1.10
11776.89,0.18,1.50,0.78,1.52,-1.52,-1.70,-1.72,-1.35,-0.74,-1.32
11894.66,0.45,1.97,0.68,1.64,-1.64,-1.85,-1.84,-1.19,-0.96,-1.51
12013.60,0.59,2.30,0.57,1.76,-1.76,-2.00,-1.96,-1.17,-1.19,-1.71
12133.74,0.67,2.57,0.47,1.88,-1.88,-2.15,-2.09,-1.21,-1.41,-1.90
12255.08,0.75,2.84,0.37,2.01,-2.01,-2.30,-2.22,-1.26,-1.64,-2.09
12377.63,0.83,3.11,0.26,2.13,-2.13,-2.44,-2.36,-1.30,-1.87,-2.28
12501.41,0.91,3.38,0.16,2.26,-2.26,-2.59,-2.51,-1.35,-2.10,-2.47
12626.42,0.99,3.66,0.06,2.39,-2.39,-2.73,-2.66,-1.40,-2.34,-2.67
12752.68,0.91,3.77,-0.05,2.52,-2.52,-2.88,-2.83,-1.61,-2.57,-2.86
12880.21,0.75,3.81,-0.15,2.66,-2.66,-3.02,-3.00,-1.91,-2.81,-3.06
13009.01,0.59,3.84,-0.25,2.80,-2.80,-3.16,-3.17,-2.21,-3.05,-3.25
13139.10,0.43,3.88,-0.35,2.94,-2.94,-3.30,-3.36,-2.51,-3.29,-3.45
13270.49,0.27,3.91,-0.46,3.08,-3.08,-3.43,-3.56,-2.81,-3.53,-3.64
13403.20,0.11,3.93,-0.56,3.22,-3.22,-3.57,-3.77,-3.12,-3.78,-3.82
13537.23,-0.06,3.95,-0.66,3.37,-3.37,-3.70,-4.00,-3.43,-4.03,-4.00
13672.60,-0.21,3.98,-0.76,3.52,-3.52,-3.84,-4.23,-3.73,-4.28,-4.19
13809.33,-0.36,4.01,-0.86,3.67,-3.67,-3.97,-4.48,-4.03,-4.53,-4.37
13947.42,-0.51,4.04,-0.96,3.82,-3.82,-4.10,-4.74,-4.34,-4.78,-4.55
14086.90,-0.66,4.07,-1.06,3.98,-3.98,-4.24,-5.02,-4.64,-5.04,-4.73
14227.77,-0.82,4.09,-1.16,4.14,-4.14,-4.37,-5.31,-4.95,-5.30,-4.90
14370.04,-0.97,4.11,-1.26,4.30,-4.30,-4.50,-5.61,-5.27,-5.56,-5.07
14513.74,-1.12,4.13,-1.36,4.46,-4.46,-4.63,-5.93,-5.58,-5.82,-5.24
14658.88,-1.12,4.30,-1.46,4.63,-4.63,-4.76,-6.26,-5.74,-6.08,-5.41
14805.47,-0.97,4.62,-1.55,4.79,-4.79,-4.90,-6.59,-5.76,-6.35,-5.58
14953.52,-0.82,4.93,-1.65,4.96,-4.96,-5.03,-6.93,-5.78,-6.62,-5.75
15103.06,-0.67,5.29,-1.75,5.14,-5.14,-5.17,-7.26,-5.81,-6.89,-5.96
15254.09,-0.52,5.66,-1.85,5.31,-5.31,-5.31,-7.58,-5.83,-7.16,-6.18
15406.63,-0.37,6.04,-1.95,5.49,-5.49,-5.45,-7.87,-5.86,-7.43,-6.41
15560.70,0.29,6.92,-2.04,5.67,-5.67,-5.59,-8.12,-5.38,-7.71,-6.63
15716.30,0.95,7.82,-2.14,5.85,-5.85,-5.74,-8.31,-4.89,-7.99,-6.86
15873.47,1.62,8.70,-2.24,6.03,-6.03,-5.89,-8.43,-4.41,-8.27,-7.08
16032.20,2.63,9.96,-2.33,6.22,-6.22,-6.05,-8.47,-3.58,-8.55,-7.32
16192.52,3.71,11.36,-2.43,6.41,-6.41,-6.21,-8.41,-2.69,-8.83,-7.64
16354.45,3.48,11.44,-2.52,6.60,-6.60,-6.38,-8.26,-3.11,-9.12,-7.95
16517.99,2.67,10.94,-2.62,6.79,-6.79,-6.55,-8.01,-4.12,-9.41,-8.26
16683.17,2.07,10.66,-2.71,6.98,-6.98,-6.73,-7.69,-4.91,-9.70,-8.58
16850.01,1.48,10.37,-2.81,7.18,-7.18,-6.92,-7.32,-5.71,-9.99,-8.89
17018.51,0.88,10.10,-2.90,7.38,-7.38,-7.12,-6.90,-6.50,-10.28,-9.22
17188.69,-0.27,9.38,-3.00,7.58,-7.58,-7.32,-6.46,-7.85,-10.58,-9.64
17360.58,-1.58,8.49,-3.09,7.79,-7.79,-7.54,-6.00,-9.37,-10.88,-10.07
17534.18,-2.78,7.72,-3.19,7.99,-7.99,-7.77,-5.55,-10.77,-11.18,-10.50
17709.53,-3.23,7.69,-3.28,8.20,-8.20,-8.01,-5.11,-11.44,-11.48,-10.92
17886.62,-3.60,7.75,-3.37,8.41,-8.41,-8.26,-4.68,-12.02,-11.79,-11.35
18065.49,-3.97,7.85,-3.47,8.63,-8.63,-8.53,-4.27,-12.60,-12.09,-11.82
18246.14,-4.34,8.02,-3.56,8.84,-8.84,-8.81,-3.88,-13.19,-12.40,-12.36
18428.60,-4.68,8.24,-3.65,9.06,-9.06,-9.09,-3.52,-13.74,-12.71,-12.91
18612.89,-5.01,8.45,-3.74,9.28,-9.28,-9.38,-3.17,-14.29,-13.02,-13.45
18799.02,-5.34,8.67,-3.83,9.50,-9.50,-9.67,-2.86,-14.84,-13.34,-14.00
18987.01,-6.07,8.47,-3.93,9.73,-9.73,-9.95,-2.57,-15.80,-13.66,-14.54
19176.88,-7.53,7.65,-4.02,9.96,-9.96,-10.20,-2.30,-17.48,-13.97,-15.17
19368.65,-8.39,7.43,-4.11,10.19,-10.19,-10.40,-2.05,-18.57,-14.29,-15.81
19562.33,-9.24,7.20,-4.20,10.42,-10.42,-10.54,-1.82,-19.66,-14.62,-16.44
19757.96,-10.10,6.97,-4.29,10.65,-10.65,-10.59,-1.61,-20.76,-14.94,-17.07
19955.54,-10.96,6.75,-4.38,10.89,-10.89,-10.51,-1.42,-21.85,-15.27,-17.71
