frequency,raw,error,smoothed,error_smoothed,equalization,parametric_eq,fixed_band_eq,equalized_raw,equalized_smoothed,target
20.00,5.10,-1.57,5.10,-1.57,1.57,1.44,0.32,6.67,6.67,6.67
20.20,5.12,-1.55,5.12,-1.55,1.55,1.43,0.33,6.67,6.67,6.67
20.40,5.13,-1.54,5.14,-1.53,1.53,1.42,0.34,6.66,6.66,6.67
20.61,5.16,-1.50,5.16,-1.51,1.51,1.41,0.35,6.66,6.66,6.66
20.81,5.18,-1.48,5.17,-1.49,1.49,1.40,0.36,6.66,6.66,6.66
21.02,5.19,-1.47,5.19,-1.46,1.46,1.39,0.37,6.65,6.66,6.66
21.23,5.21,-1.45,5.21,-1.44,1.44,1.38,0.39,6.65,6.65,6.66
21.44,5.23,-1.42,5.23,-1.42,1.42,1.37,0.40,6.65,6.65,6.65
21.66,5.25,-1.40,5.25,-1.40,1.40,1.36,0.41,6.65,6.65,6.65
21.87,5.27,-1.39,5.27,-1.38,1.39,1.35,0.43,6.66,6.66,6.66
22.09,5.29,-1.37,5.29,-1.36,1.37,1.33,0.44,6.66,6.66,6.66
22.31,5.31,-1.34,5.31,-1.35,1.35,1.32,0.46,6.66,6.66,6.65
22.54,5.33,-1.33,5.32,-1.33,1.33,1.31,0.47,6.66,6.65,6.66
22.76,5.34,-1.32,5.34,-1.31,1.31,1.30,0.49,6.65,6.65,6.66
22.99,5.36,-1.30,5.36,-1.29,1.29,1.29,0.50,6.65,6.65,6.66
23.22,5.39,-1.26,5.38,-1.27,1.27,1.27,0.52,6.66,6.65,6.65
23.45,5.41,-1.24,5.41,-1.24,1.25,1.26,0.53,6.66,6.66,6.65
23.69,5.42,-1.23,5.42,-1.23,1.23,1.25,0.55,6.65,6.65,6.65
23.92,5.44,-1.21,5.44,-1.21,1.21,1.24,0.57,6.65,6.65,6.65
24.16,5.45,-1.20,5.45,-1.19,1.19,1.22,0.59,6.64,6.64,6.65
24.40,5.47,-1.17,5.47,-1.18,1.17,1.21,0.60,6.64,6.64,6.64
24.65,5.48,-1.16,5.48,-1.16,1.15,1.20,0.62,6.63,6.64,6.64
24.89,5.50,-1.14,5.50,-1.13,1.14,1.18,0.64,6.64,6.64,6.64
25.14,5.52,-1.11,5.51,-1.12,1.12,1.17,0.66,6.64,6.63,6.63
25.39,5.53,-1.10,5.53,-1.10,1.10,1.15,0.67,6.63,6.63,6.63
25.65,5.54,-1.08,5.54,-1.08,1.08,1.14,0.69,6.62,6.62,6.62
25.91,5.56,-1.06,5.56,-1.06,1.06,1.12,0.71,6.61,6.61,6.62
26.16,5.57,-1.04,5.57,-1.04,1.04,1.11,0.73,6.61,6.61,6.61
26.43,5.59,-1.02,5.59,-1.01,1.02,1.09,0.74,6.61,6.61,6.61
26.69,5.61,-0.99,5.60,-0.99,1.00,1.08,0.76,6.61,6.60,6.60
26.96,5.62,-0.97,5.62,-0.98,0.98,1.06,0.77,6.60,6.60,6.59
27.23,5.63,-0.97,5.63,-0.96,0.96,1.04,0.79,6.59,6.60,6.60
27.50,5.65,-0.94,5.64,-0.95,0.94,1.03,0.80,6.59,6.59,6.59
27.77,5.66,-0.93,5.66,-0.93,0.93,1.01,0.81,6.59,6.59,6.59
28.05,5.67,-0.92,5.67,-0.91,0.91,0.99,0.83,6.58,6.58,6.59
28.33,5.69,-0.89,5.69,-0.89,0.89,0.98,0.84,6.58,6.58,6.58
28.62,5.70,-0.87,5.70,-0.87,0.87,0.96,0.85,6.57,6.57,6.57
28.90,5.72,-0.85,5.72,-0.85,0.85,0.94,0.85,6.57,6.57,6.57
29.19,5.73,-0.83,5.73,-0.83,0.83,0.92,0.86,6.56,6.56,6.56
29.48,5.74,-0.81,5.74,-0.81,0.81,0.90,0.87,6.55,6.55,6.55
29.78,5.75,-0.79,5.75,-0.79,0.79,0.88,0.87,6.54,6.54,6.54
30.08,5.77,-0.76,5.77,-0.77,0.77,0.87,0.87,6.54,6.53,6.53
30.38,5.78,-0.75,5.78,-0.75,0.75,0.85,0.87,6.53,6.53,6.53
30.68,5.80,-0.73,5.80,-0.73,0.73,0.83,0.87,6.53,6.53,6.53
30.99,5.81,-0.71,5.81,-0.71,0.72,0.81,0.86,6.53,6.52,6.52
31.30,5.82,-0.70,5.82,-0.70,0.70,0.78,0.85,6.52,6.52,6.52
31.61,5.82,-0.69,5.82,-0.69,0.68,0.76,0.84,6.50,6.51,6.51
31.93,5.83,-0.67,5.83,-0.67,0.67,0.74,0.83,6.50,6.50,6.50
32.24,5.84,-0.65,5.84,-0.65,0.65,0.72,0.82,6.49,6.49,6.49
32.57,5.85,-0.63,5.85,-0.63,0.63,0.70,0.80,6.48,6.47,6.48
32.89,5.86,-0.61,5.86,-0.61,0.60,0.68,0.79,6.46,6.46,6.47
33.22,5.87,-0.58,5.87,-0.58,0.58,0.65,0.77,6.45,6.45,6.45
33.55,5.89,-0.55,5.88,-0.55,0.55,0.63,0.75,6.44,6.44,6.44
33.89,5.90,-0.53,5.90,-0.53,0.53,0.61,0.72,6.43,6.43,6.43
34.23,5.91,-0.50,5.91,-0.50,0.50,0.58,0.70,6.41,6.41,6.41
34.57,5.93,-0.47,5.93,-0.47,0.48,0.56,0.67,6.40,6.40,6.40
34.92,5.94,-0.45,5.94,-0.45,0.45,0.53,0.65,6.39,6.39,6.39
35.27,5.95,-0.43,5.95,-0.43,0.43,0.51,0.62,6.38,6.38,6.38
35.62,5.96,-0.41,5.96,-0.41,0.41,0.48,0.59,6.37,6.37,6.37
35.97,5.97,-0.38,5.97,-0.39,0.39,0.46,0.56,6.36,6.35,6.35
36.33,5.97,-0.37,5.97,-0.37,0.37,0.43,0.53,6.34,6.34,6.34
36.70,5.97,-0.35,5.97,-0.35,0.35,0.40,0.49,6.32,6.32,6.32
37.06,5.97,-0.33,5.97,-0.33,0.33,0.38,0.46,6.30,6.30,6.30
37.43,5.97,-0.31,5.97,-0.31,0.31,0.35,0.42,6.28,6.28,6.28
37.81,5.97,-0.29,5.97,-0.29,0.29,0.32,0.39,6.26,6.26,6.26
38.19,5.97,-0.27,5.97,-0.27,0.27,0.29,0.35,6.24,6.24,6.24
38.57,5.97,-0.25,5.97,-0.25,0.25,0.26,0.32,6.22,6.22,6.22
38.95,5.97,-0.23,5.97,-0.23,0.23,0.24,0.28,6.20,6.20,6.20
39.34,5.97,-0.21,5.97,-0.21,0.21,0.21,0.25,6.18,6.18,6.18
39.74,5.97,-0.19,5.97,-0.19,0.19,0.18,0.21,6.16,6.16,6.16
40.14,5.97,-0.17,5.97,-0.17,0.16,0.15,0.17,6.13,6.13,6.14
40.54,5.97,-0.14,5.97,-0.14,0.14,0.11,0.13,6.11,6.11,6.11
40.94,5.97,-0.12,5.97,-0.12,0.12,0.08,0.10,6.08,6.08,6.09
41.35,5.97,-0.09,5.97,-0.09,0.09,0.05,0.06,6.06,6.06,6.06
41.76,5.97,-0.06,5.97,-0.06,0.06,0.02,0.02,6.03,6.03,6.03
42.18,5.97,-0.03,5.97,-0.03,0.03,-0.01,-0.02,6.00,6.00,6.00
42.60,5.97,0.00,5.97,-0.00,0.01,-0.05,-0.05,5.97,5.97,5.97
43.03,5.97,0.02,5.97,0.02,-0.02,-0.08,-0.09,5.94,5.94,5.95
43.46,5.97,0.05,5.97,0.05,-0.06,-0.12,-0.13,5.91,5.91,5.92
43.90,5.97,0.08,5.97,0.08,-0.09,-0.15,-0.17,5.88,5.88,5.89
44.33,5.97,0.12,5.97,0.12,-0.12,-0.19,-0.20,5.85,5.85,5.85
44.78,5.97,0.15,5.97,0.15,-0.15,-0.22,-0.24,5.82,5.82,5.82
45.23,5.97,0.19,5.97,0.19,-0.19,-0.26,-0.28,5.78,5.78,5.78
45.68,5.97,0.22,5.97,0.22,-0.22,-0.29,-0.32,5.75,5.75,5.75
46.13,5.97,0.26,5.97,0.26,-0.26,-0.33,-0.36,5.71,5.71,5.71
46.60,5.96,0.28,5.96,0.29,-0.29,-0.37,-0.40,5.67,5.67,5.68
47.06,5.96,0.33,5.96,0.33,-0.33,-0.41,-0.43,5.63,5.63,5.63
47.53,5.96,0.36,5.96,0.36,-0.36,-0.45,-0.47,5.60,5.60,5.60
48.01,5.96,0.40,5.96,0.40,-0.40,-0.49,-0.51,5.56,5.56,5.56
48.49,5.96,0.43,5.96,0.43,-0.43,-0.53,-0.55,5.52,5.52,5.53
48.97,5.95,0.47,5.95,0.47,-0.47,-0.57,-0.59,5.48,5.48,5.48
49.46,5.94,0.51,5.94,0.51,-0.50,-0.61,-0.63,5.44,5.44,5.43
49.96,5.93,0.54,5.93,0.54,-0.54,-0.65,-0.67,5.39,5.39,5.39
50.46,5.91,0.57,5.91,0.57,-0.57,-0.69,-0.71,5.34,5.34,5.34
50.96,5.89,0.60,5.89,0.60,-0.60,-0.73,-0.75,5.29,5.29,5.29
51.47,5.88,0.63,5.88,0.63,-0.63,-0.78,-0.78,5.24,5.24,5.25
51.99,5.86,0.67,5.86,0.67,-0.67,-0.82,-0.82,5.19,5.19,5.19
52.51,5.85,0.70,5.85,0.71,-0.71,-0.86,-0.86,5.14,5.14,5.15
53.03,5.84,0.75,5.84,0.75,-0.75,-0.91,-0.90,5.09,5.09,5.09
53.56,5.84,0.79,5.84,0.79,-0.80,-0.95,-0.94,5.04,5.04,5.05
54.10,5.83,0.84,5.83,0.84,-0.85,-1.00,-0.98,4.98,4.99,4.99
54.64,5.83,0.90,5.83,0.90,-0.90,-1.05,-1.02,4.93,4.93,4.93
55.18,5.83,0.96,5.82,0.95,-0.95,-1.09,-1.06,4.87,4.87,4.87
55.74,5.82,1.01,5.82,1.01,-1.01,-1.14,-1.10,4.81,4.81,4.81
56.29,5.82,1.06,5.82,1.07,-1.07,-1.19,-1.14,4.75,4.76,4.76
56.86,5.82,1.13,5.81,1.12,-1.12,-1.24,-1.17,4.70,4.69,4.69
57.42,5.81,1.18,5.81,1.18,-1.17,-1.29,-1.21,4.63,4.63,4.63
58.00,5.79,1.22,5.79,1.23,-1.23,-1.34,-1.25,4.56,4.57,4.57
58.58,5.78,1.28,5.78,1.28,-1.28,-1.39,-1.29,4.50,4.50,4.50
59.16,5.76,1.33,5.76,1.33,-1.33,-1.44,-1.32,4.43,4.43,4.43
59.76,5.74,1.38,5.74,1.38,-1.38,-1.49,-1.36,4.36,4.36,4.36
60.35,5.72,1.43,5.72,1.43,-1.43,-1.54,-1.40,4.29,4.29,4.29
60.96,5.71,1.48,5.71,1.48,-1.48,-1.59,-1.43,4.23,4.22,4.23
61.57,5.69,1.53,5.69,1.53,-1.54,-1.64,-1.47,4.15,4.15,4.16
62.18,5.68,1.60,5.68,1.59,-1.59,-1.70,-1.50,4.08,4.08,4.08
62.80,5.66,1.64,5.66,1.65,-1.65,-1.75,-1.54,4.01,4.01,4.02
63.43,5.65,1.71,5.65,1.71,-1.71,-1.81,-1.57,3.94,3.94,3.94
64.07,5.64,1.78,5.63,1.78,-1.77,-1.86,-1.61,3.86,3.86,3.86
64.71,5.62,1.84,5.62,1.85,-1.84,-1.92,-1.64,3.78,3.79,3.78
65.35,5.61,1.91,5.61,1.91,-1.90,-1.97,-1.68,3.71,3.71,3.70
66.01,5.60,1.97,5.59,1.97,-1.96,-2.03,-1.71,3.63,3.63,3.63
66.67,5.58,2.02,5.58,2.03,-2.03,-2.08,-1.74,3.55,3.55,3.56
67.33,5.57,2.09,5.57,2.09,-2.10,-2.14,-1.78,3.47,3.47,3.48
68.01,5.56,2.16,5.55,2.16,-2.17,-2.20,-1.81,3.39,3.39,3.40
68.69,5.54,2.23,5.54,2.23,-2.23,-2.26,-1.85,3.30,3.31,3.31
69.37,5.53,2.30,5.53,2.31,-2.30,-2.31,-1.88,3.23,3.23,3.23
70.07,5.52,2.38,5.52,2.38,-2.37,-2.37,-1.92,3.15,3.14,3.14
70.77,5.51,2.46,5.51,2.45,-2.44,-2.43,-1.96,3.07,3.06,3.05
71.48,5.49,2.51,5.49,2.52,-2.51,-2.49,-1.99,2.98,2.98,2.98
72.19,5.48,2.59,5.48,2.58,-2.59,-2.55,-2.03,2.89,2.89,2.89
72.91,5.46,2.65,5.46,2.65,-2.66,-2.61,-2.07,2.80,2.80,2.81
73.64,5.44,2.71,5.44,2.72,-2.73,-2.67,-2.11,2.71,2.71,2.73
74.38,5.42,2.79,5.42,2.79,-2.80,-2.73,-2.15,2.62,2.62,2.63
75.12,5.41,2.87,5.41,2.87,-2.87,-2.79,-2.19,2.54,2.54,2.54
75.87,5.40,2.95,5.40,2.95,-2.94,-2.85,-2.24,2.46,2.46,2.45
76.63,5.38,3.02,5.38,3.02,-3.01,-2.91,-2.28,2.37,2.37,2.36
77.40,5.36,3.08,5.36,3.08,-3.08,-2.97,-2.33,2.28,2.28,2.28
78.17,5.34,3.15,5.34,3.15,-3.15,-3.03,-2.38,2.19,2.19,2.19
78.95,5.32,3.21,5.32,3.21,-3.22,-3.10,-2.43,2.10,2.10,2.11
79.74,5.30,3.28,5.30,3.28,-3.29,-3.16,-2.48,2.01,2.01,2.02
80.54,5.28,3.35,5.28,3.35,-3.35,-3.22,-2.54,1.92,1.92,1.93
81.35,5.26,3.42,5.26,3.42,-3.42,-3.28,-2.59,1.84,1.84,1.84
82.16,5.24,3.49,5.24,3.49,-3.49,-3.34,-2.65,1.75,1.75,1.75
82.98,5.22,3.56,5.22,3.56,-3.55,-3.40,-2.71,1.67,1.67,1.66
83.81,5.20,3.62,5.20,3.62,-3.62,-3.46,-2.78,1.58,1.58,1.58
84.65,5.17,3.68,5.17,3.68,-3.68,-3.53,-2.84,1.49,1.49,1.49
85.50,5.14,3.73,5.14,3.74,-3.74,-3.59,-2.91,1.40,1.41,1.41
86.35,5.12,3.80,5.11,3.80,-3.80,-3.65,-2.98,1.32,1.32,1.32
87.22,5.09,3.85,5.09,3.85,-3.85,-3.71,-3.05,1.24,1.24,1.24
88.09,5.06,3.91,5.06,3.91,-3.91,-3.77,-3.12,1.15,1.15,1.15
88.97,5.04,3.96,5.04,3.96,-3.97,-3.83,-3.20,1.07,1.07,1.08
89.86,5.01,4.02,5.01,4.02,-4.02,-3.89,-3.28,0.99,0.99,0.99
90.76,4.98,4.08,4.98,4.07,-4.08,-3.95,-3.36,0.90,0.90,0.90
91.66,4.95,4.12,4.95,4.13,-4.13,-4.00,-3.45,0.82,0.82,0.83
92.58,4.93,4.19,4.93,4.19,-4.18,-4.06,-3.53,0.74,0.74,0.74
93.51,4.90,4.24,4.90,4.24,-4.24,-4.12,-3.62,0.66,0.66,0.66
94.44,4.87,4.29,4.87,4.29,-4.29,-4.18,-3.71,0.58,0.58,0.58
95.39,4.84,4.34,4.84,4.34,-4.34,-4.23,-3.81,0.50,0.50,0.50
96.34,4.81,4.38,4.81,4.38,-4.39,-4.29,-3.90,0.42,0.42,0.43
97.30,4.78,4.43,4.78,4.43,-4.43,-4.34,-4.00,0.35,0.35,0.35
98.28,4.75,4.48,4.75,4.48,-4.48,-4.39,-4.10,0.27,0.27,0.27
99.26,4.72,4.53,4.72,4.52,-4.52,-4.45,-4.20,0.20,0.20,0.19
100.25,4.68,4.55,4.68,4.56,-4.56,-4.50,-4.30,0.11,0.12,0.13
101.25,4.65,4.60,4.65,4.60,-4.61,-4.55,-4.40,0.04,0.04,0.05
102.27,4.62,4.65,4.62,4.65,-4.65,-4.60,-4.51,-0.03,-0.03,-0.03
103.29,4.59,4.69,4.59,4.70,-4.69,-4.64,-4.61,-0.10,-0.10,-0.10
104.32,4.56,4.74,4.56,4.74,-4.73,-4.69,-4.71,-0.17,-0.17,-0.18
105.37,4.53,4.78,4.53,4.78,-4.77,-4.74,-4.82,-0.24,-0.24,-0.25
106.42,4.50,4.81,4.50,4.81,-4.81,-4.78,-4.92,-0.31,-0.31,-0.31
107.48,4.47,4.84,4.47,4.84,-4.85,-4.82,-5.02,-0.38,-0.38,-0.37
108.56,4.44,4.88,4.44,4.88,-4.88,-4.86,-5.12,-0.44,-0.44,-0.44
109.64,4.41,4.91,4.41,4.91,-4.92,-4.91,-5.22,-0.51,-0.51,-0.50
110.74,4.38,4.94,4.38,4.94,-4.95,-4.94,-5.31,-0.57,-0.57,-0.56
111.85,4.35,4.98,4.35,4.98,-4.98,-4.98,-5.40,-0.63,-0.63,-0.63
112.97,4.32,5.01,4.32,5.01,-5.01,-5.02,-5.49,-0.69,-0.69,-0.69
114.10,4.28,5.04,4.28,5.04,-5.03,-5.05,-5.57,-0.75,-0.75,-0.76
115.24,4.25,5.06,4.25,5.06,-5.06,-5.08,-5.65,-0.81,-0.81,-0.81
116.39,4.22,5.08,4.22,5.08,-5.08,-5.11,-5.72,-0.86,-0.87,-0.86
117.55,4.19,5.11,4.19,5.10,-5.11,-5.14,-5.78,-0.92,-0.92,-0.92
118.73,4.15,5.12,4.15,5.12,-5.13,-5.17,-5.84,-0.98,-0.97,-0.97
119.92,4.12,5.14,4.12,5.14,-5.15,-5.19,-5.89,-1.03,-1.03,-1.02
121.12,4.09,5.16,4.09,5.16,-5.16,-5.22,-5.93,-1.07,-1.08,-1.07
122.33,4.05,5.18,4.05,5.18,-5.18,-5.24,-5.96,-1.13,-1.12,-1.13
123.55,4.02,5.20,4.02,5.20,-5.19,-5.26,-5.99,-1.17,-1.17,-1.18
124.79,3.98,5.20,3.98,5.21,-5.20,-5.27,-6.00,-1.22,-1.22,-1.22
126.03,3.94,5.22,3.94,5.22,-5.21,-5.29,-6.01,-1.27,-1.27,-1.28
127.29,3.90,5.22,3.90,5.22,-5.22,-5.30,-6.01,-1.32,-1.32,-1.32
128.57,3.87,5.22,3.87,5.22,-5.23,-5.31,-6.00,-1.36,-1.36,-1.35
129.85,3.83,5.22,3.83,5.23,-5.24,-5.32,-5.98,-1.41,-1.40,-1.39
131.15,3.80,5.24,3.80,5.24,-5.24,-5.33,-5.96,-1.44,-1.44,-1.44
132.46,3.76,5.24,3.76,5.25,-5.24,-5.34,-5.92,-1.48,-1.48,-1.48
133.79,3.73,5.26,3.73,5.25,-5.25,-5.34,-5.88,-1.52,-1.52,-1.53
135.12,3.69,5.25,3.69,5.25,-5.25,-5.34,-5.83,-1.56,-1.56,-1.56
136.48,3.65,5.25,3.65,5.25,-5.25,-5.34,-5.78,-1.60,-1.60,-1.60
137.84,3.62,5.25,3.61,5.24,-5.25,-5.34,-5.71,-1.63,-1.63,-1.63
139.22,3.57,5.23,3.58,5.24,-5.24,-5.34,-5.65,-1.67,-1.67,-1.66
140.61,3.54,5.23,3.54,5.23,-5.24,-5.33,-5.58,-1.70,-1.70,-1.69
142.02,3.50,5.23,3.50,5.23,-5.23,-5.32,-5.51,-1.73,-1.73,-1.73
143.44,3.46,5.22,3.46,5.22,-5.22,-5.31,-5.43,-1.76,-1.76,-1.76
144.87,3.42,5.21,3.42,5.21,-5.21,-5.30,-5.36,-1.79,-1.79,-1.79
146.32,3.38,5.19,3.38,5.20,-5.20,-5.29,-5.28,-1.82,-1.82,-1.81
147.78,3.34,5.19,3.34,5.19,-5.19,-5.27,-5.20,-1.85,-1.84,-1.85
149.26,3.31,5.18,3.31,5.17,-5.17,-5.25,-5.12,-1.86,-1.87,-1.87
150.75,3.27,5.16,3.27,5.16,-5.16,-5.24,-5.04,-1.89,-1.89,-1.89
152.26,3.22,5.13,3.22,5.14,-5.14,-5.22,-4.96,-1.92,-1.92,-1.91
153.78,3.18,5.12,3.18,5.12,-5.12,-5.19,-4.88,-1.95,-1.95,-1.94
155.32,3.13,5.10,3.13,5.10,-5.10,-5.17,-4.80,-1.98,-1.97,-1.97
156.88,3.09,5.09,3.09,5.09,-5.08,-5.14,-4.72,-1.99,-1.99,-2.00
158.44,3.05,5.06,3.05,5.06,-5.06,-5.12,-4.65,-2.01,-2.01,-2.01
160.03,3.01,5.04,3.01,5.04,-5.03,-5.09,-4.57,-2.02,-2.03,-2.03
161.63,2.96,5.01,2.96,5.01,-5.01,-5.06,-4.50,-2.05,-2.05,-2.05
163.24,2.91,4.97,2.91,4.97,-4.98,-5.03,-4.44,-2.07,-2.07,-2.06
164.88,2.87,4.94,2.87,4.94,-4.95,-4.99,-4.37,-2.08,-2.08,-2.07
166.53,2.82,4.91,2.82,4.91,-4.92,-4.96,-4.31,-2.10,-2.10,-2.09
168.19,2.78,4.89,2.78,4.89,-4.89,-4.92,-4.25,-2.11,-2.11,-2.11
169.87,2.74,4.86,2.74,4.86,-4.85,-4.89,-4.19,-2.11,-2.12,-2.12
171.57,2.69,4.82,2.69,4.82,-4.82,-4.85,-4.14,-2.13,-2.13,-2.13
173.29,2.64,4.78,2.64,4.78,-4.78,-4.81,-4.09,-2.14,-2.14,-2.14
175.02,2.59,4.74,2.59,4.74,-4.75,-4.77,-4.04,-2.16,-2.15,-2.15
176.77,2.55,4.71,2.55,4.71,-4.71,-4.73,-3.99,-2.16,-2.16,-2.16
178.54,2.50,4.67,2.50,4.67,-4.67,-4.68,-3.95,-2.17,-2.17,-2.17
180.32,2.45,4.63,2.45,4.63,-4.63,-4.64,-3.91,-2.18,-2.18,-2.18
182.13,2.40,4.58,2.40,4.59,-4.58,-4.59,-3.88,-2.19,-2.18,-2.18
183.95,2.35,4.54,2.35,4.54,-4.54,-4.55,-3.85,-2.19,-2.19,-2.19
185.79,2.30,4.50,2.30,4.49,-4.50,-4.50,-3.82,-2.20,-2.20,-2.20
187.65,2.24,4.44,2.25,4.45,-4.46,-4.45,-3.79,-2.22,-2.21,-2.20
189.52,2.20,4.42,2.20,4.41,-4.41,-4.40,-3.77,-2.21,-2.21,-2.22
191.42,2.15,4.37,2.15,4.37,-4.36,-4.36,-3.75,-2.22,-2.22,-2.22
193.33,2.10,4.32,2.10,4.32,-4.32,-4.30,-3.73,-2.22,-2.22,-2.22
195.27,2.04,4.27,2.04,4.27,-4.27,-4.25,-3.71,-2.23,-2.23,-2.23
197.22,1.99,4.22,1.99,4.22,-4.22,-4.20,-3.70,-2.23,-2.23,-2.23
199.19,1.94,4.17,1.94,4.17,-4.17,-4.15,-3.69,-2.24,-2.24,-2.23
201.18,1.89,4.13,1.89,4.12,-4.12,-4.10,-3.68,-2.23,-2.24,-2.24
203.19,1.83,4.07,1.83,4.07,-4.07,-4.04,-3.67,-2.24,-2.24,-2.24
205.23,1.78,4.02,1.78,4.02,-4.02,-3.99,-3.66,-2.24,-2.24,-2.24
207.28,1.73,3.97,1.72,3.97,-3.97,-3.93,-3.65,-2.24,-2.24,-2.24
209.35,1.67,3.91,1.67,3.91,-3.92,-3.88,-3.65,-2.25,-2.24,-2.24
211.44,1.62,3.86,1.62,3.86,-3.86,-3.82,-3.65,-2.24,-2.24,-2.24
213.56,1.57,3.81,1.57,3.81,-3.81,-3.77,-3.64,-2.24,-2.24,-2.24
215.69,1.52,3.76,1.52,3.76,-3.76,-3.71,-3.64,-2.24,-2.24,-2.24
217.85,1.47,3.70,1.47,3.70,-3.70,-3.65,-3.63,-2.23,-2.23,-2.23
220.03,1.42,3.65,1.42,3.65,-3.65,-3.59,-3.63,-2.23,-2.23,-2.23
222.23,1.36,3.59,1.36,3.59,-3.60,-3.54,-3.62,-2.24,-2.23,-2.23
224.45,1.31,3.54,1.31,3.54,-3.54,-3.48,-3.61,-2.23,-2.23,-2.23
226.70,1.26,3.49,1.26,3.49,-3.49,-3.42,-3.60,-2.23,-2.23,-2.23
228.96,1.21,3.44,1.21,3.44,-3.44,-3.36,-3.59,-2.23,-2.23,-2.23
231.25,1.16,3.38,1.16,3.39,-3.39,-3.30,-3.57,-2.23,-2.23,-2.22
233.57,1.11,3.34,1.11,3.34,-3.33,-3.24,-3.56,-2.23,-2.23,-2.23
235.90,1.06,3.28,1.06,3.28,-3.28,-3.18,-3.54,-2.22,-2.22,-2.22
238.26,1.01,3.23,1.01,3.23,-3.23,-3.12,-3.51,-2.22,-2.22,-2.22
240.64,0.96,3.17,0.96,3.17,-3.17,-3.06,-3.48,-2.21,-2.21,-2.21
243.05,0.91,3.12,0.91,3.12,-3.12,-3.00,-3.45,-2.21,-2.21,-2.21
245.48,0.86,3.06,0.86,3.06,-3.06,-2.94,-3.41,-2.20,-2.20,-2.20
247.93,0.80,2.99,0.80,3.00,-3.00,-2.88,-3.37,-2.20,-2.20,-2.19
250.41,0.75,2.94,0.75,2.94,-2.94,-2.82,-3.32,-2.19,-2.19,-2.19
252.92,0.69,2.88,0.69,2.87,-2.87,-2.75,-3.27,-2.19,-2.19,-2.19
255.45,0.63,2.80,0.63,2.81,-2.81,-2.69,-3.22,-2.18,-2.18,-2.17
258.00,0.58,2.75,0.58,2.74,-2.75,-2.63,-3.16,-2.17,-2.17,-2.17
260.58,0.52,2.68,0.52,2.68,-2.68,-2.57,-3.09,-2.16,-2.16,-2.16
263.19,0.46,2.61,0.46,2.62,-2.61,-2.51,-3.02,-2.15,-2.15,-2.15
265.82,0.40,2.55,0.40,2.55,-2.55,-2.44,-2.95,-2.15,-2.15,-2.15
268.48,0.35,2.48,0.34,2.48,-2.48,-2.38,-2.87,-2.13,-2.14,-2.13
271.16,0.28,2.41,0.28,2.41,-2.41,-2.32,-2.79,-2.13,-2.13,-2.13
273.87,0.23,2.34,0.22,2.34,-2.34,-2.26,-2.70,-2.11,-2.12,-2.11
276.61,0.16,2.27,0.16,2.27,-2.27,-2.19,-2.61,-2.11,-2.11,-2.11
279.38,0.11,2.20,0.11,2.20,-2.20,-2.13,-2.52,-2.09,-2.10,-2.09
282.17,0.05,2.14,0.05,2.14,-2.13,-2.07,-2.43,-2.09,-2.09,-2.09
284.99,-0.01,2.06,-0.01,2.07,-2.07,-2.00,-2.33,-2.08,-2.08,-2.07
287.84,-0.07,2.00,-0.07,2.00,-2.00,-1.94,-2.23,-2.07,-2.07,-2.07
290.72,-0.13,1.92,-0.13,1.92,-1.93,-1.88,-2.13,-2.06,-2.06,-2.05
293.63,-0.19,1.86,-0.19,1.86,-1.86,-1.81,-2.02,-2.05,-2.05,-2.05
296.57,-0.25,1.78,-0.25,1.79,-1.78,-1.75,-1.92,-2.04,-2.03,-2.03
299.53,-0.31,1.72,-0.31,1.72,-1.71,-1.68,-1.81,-2.02,-2.02,-2.03
302.53,-0.36,1.65,-0.37,1.64,-1.64,-1.62,-1.70,-2.00,-2.01,-2.01
305.55,-0.43,1.56,-0.42,1.57,-1.57,-1.56,-1.59,-2.00,-2.00,-1.99
308.61,-0.48,1.50,-0.48,1.50,-1.50,-1.49,-1.48,-1.98,-1.99,-1.98
311.69,-0.54,1.43,-0.54,1.43,-1.43,-1.43,-1.37,-1.97,-1.98,-1.97
314.81,-0.60,1.36,-0.60,1.36,-1.36,-1.36,-1.26,-1.97,-1.97,-1.96
317.96,-0.66,1.29,-0.66,1.30,-1.30,-1.30,-1.14,-1.96,-1.96,-1.95
321.14,-0.72,1.23,-0.72,1.23,-1.23,-1.23,-1.03,-1.95,-1.94,-1.95
324.35,-0.77,1.17,-0.77,1.16,-1.16,-1.17,-0.92,-1.93,-1.93,-1.94
327.59,-0.83,1.09,-0.83,1.09,-1.09,-1.10,-0.80,-1.92,-1.92,-1.92
330.87,-0.89,1.02,-0.89,1.02,-1.02,-1.04,-0.69,-1.91,-1.91,-1.91
334.18,-0.95,0.94,-0.95,0.94,-0.95,-0.97,-0.57,-1.90,-1.90,-1.89
337.52,-1.01,0.87,-1.01,0.87,-0.88,-0.90,-0.46,-1.89,-1.88,-1.88
340.90,-1.06,0.80,-1.07,0.80,-0.81,-0.84,-0.35,-1.87,-1.87,-1.86
344.30,-1.12,0.73,-1.12,0.73,-0.73,-0.77,-0.23,-1.86,-1.86,-1.85
347.75,-1.18,0.66,-1.18,0.66,-0.66,-0.70,-0.12,-1.85,-1.84,-1.84
351.23,-1.23,0.60,-1.24,0.60,-0.59,-0.64,-0.00,-1.82,-1.83,-1.83
354.74,-1.29,0.53,-1.29,0.53,-0.52,-0.57,0.11,-1.81,-1.81,-1.82
358.28,-1.35,0.45,-1.35,0.46,-0.45,-0.50,0.23,-1.80,-1.80,-1.80
361.87,-1.40,0.39,-1.40,0.38,-0.38,-0.43,0.34,-1.78,-1.79,-1.79
365.49,-1.46,0.31,-1.46,0.31,-0.31,-0.37,0.46,-1.77,-1.77,-1.77
369.14,-1.52,0.22,-1.52,0.23,-0.24,-0.30,0.58,-1.76,-1.76,-1.74
372.83,-1.58,0.16,-1.58,0.16,-0.16,-0.23,0.69,-1.74,-1.74,-1.74
376.56,-1.64,0.09,-1.64,0.09,-0.08,-0.16,0.81,-1.73,-1.73,-1.73
380.33,-1.70,0.02,-1.70,0.01,-0.01,-0.09,0.92,-1.71,-1.71,-1.72
384.13,-1.76,-0.07,-1.76,-0.07,0.07,-0.02,1.04,-1.69,-1.69,-1.69
387.97,-1.82,-0.15,-1.82,-0.15,0.14,0.05,1.15,-1.68,-1.68,-1.67
391.85,-1.88,-0.22,-1.88,-0.22,0.22,0.12,1.27,-1.66,-1.66,-1.66
395.77,-1.93,-0.30,-1.93,-0.30,0.29,0.19,1.38,-1.64,-1.64,-1.63
399.73,-1.99,-0.37,-1.99,-0.37,0.37,0.26,1.50,-1.62,-1.62,-1.62
403.72,-2.04,-0.45,-2.04,-0.44,0.44,0.33,1.61,-1.60,-1.60,-1.59
407.76,-2.09,-0.51,-2.09,-0.51,0.52,0.41,1.72,-1.58,-1.58,-1.58
411.84,-2.14,-0.58,-2.14,-0.58,0.59,0.48,1.84,-1.55,-1.55,-1.56
415.96,-2.19,-0.66,-2.19,-0.66,0.66,0.55,1.95,-1.53,-1.53,-1.53
420.12,-2.25,-0.73,-2.25,-0.73,0.73,0.63,2.05,-1.52,-1.52,-1.52
424.32,-2.31,-0.82,-2.31,-0.81,0.81,0.70,2.16,-1.50,-1.50,-1.49
428.56,-2.36,-0.88,-2.36,-0.88,0.88,0.77,2.26,-1.48,-1.48,-1.48
432.85,-2.41,-0.96,-2.41,-0.96,0.95,0.85,2.36,-1.46,-1.46,-1.45
437.18,-2.46,-1.02,-2.46,-1.02,1.03,0.92,2.46,-1.44,-1.44,-1.44
441.55,-2.52,-1.10,-2.52,-1.10,1.10,1.00,2.56,-1.42,-1.42,-1.42
445.96,-2.57,-1.17,-2.57,-1.17,1.17,1.08,2.65,-1.40,-1.40,-1.40
450.42,-2.62,-1.24,-2.63,-1.24,1.24,1.15,2.73,-1.38,-1.38,-1.38
454.93,-2.68,-1.32,-2.68,-1.32,1.32,1.23,2.82,-1.36,-1.36,-1.36
459.48,-2.73,-1.40,-2.73,-1.40,1.39,1.31,2.89,-1.34,-1.34,-1.33
464.07,-2.78,-1.47,-2.78,-1.47,1.47,1.39,2.96,-1.31,-1.31,-1.31
468.71,-2.84,-1.55,-2.84,-1.55,1.55,1.46,3.03,-1.29,-1.29,-1.29
473.40,-2.89,-1.62,-2.89,-1.62,1.63,1.54,3.09,-1.27,-1.27,-1.27
478.13,-2.95,-1.71,-2.95,-1.70,1.71,1.62,3.14,-1.25,-1.24,-1.24
482.91,-3.00,-1.78,-3.00,-1.78,1.78,1.70,3.19,-1.22,-1.22,-1.22
487.74,-3.05,-1.86,-3.05,-1.86,1.86,1.78,3.22,-1.19,-1.19,-1.19
492.62,-3.10,-1.93,-3.11,-1.94,1.94,1.86,3.25,-1.16,-1.17,-1.17
497.55,-3.16,-2.03,-3.16,-2.02,2.02,1.94,3.28,-1.15,-1.14,-1.13
502.52,-3.21,-2.10,-3.21,-2.10,2.09,2.02,3.29,-1.12,-1.12,-1.11
507.55,-3.25,-2.17,-3.26,-2.17,2.16,2.10,3.30,-1.09,-1.10,-1.08
512.62,-3.30,-2.23,-3.30,-2.23,2.23,2.18,3.30,-1.07,-1.07,-1.07
517.75,-3.35,-2.30,-3.35,-2.30,2.30,2.26,3.29,-1.05,-1.05,-1.05
522.93,-3.39,-2.36,-3.39,-2.37,2.37,2.35,3.28,-1.02,-1.02,-1.03
528.16,-3.44,-2.44,-3.44,-2.43,2.44,2.43,3.25,-1.00,-1.00,-1.00
533.44,-3.48,-2.51,-3.48,-2.50,2.51,2.51,3.23,-0.97,-0.97,-0.97
538.77,-3.52,-2.57,-3.52,-2.58,2.58,2.59,3.19,-0.94,-0.95,-0.95
544.16,-3.57,-2.65,-3.57,-2.65,2.65,2.67,3.15,-0.92,-0.92,-0.92
549.60,-3.61,-2.72,-3.61,-2.72,2.72,2.75,3.11,-0.89,-0.89,-0.89
555.10,-3.66,-2.80,-3.66,-2.79,2.79,2.83,3.06,-0.87,-0.87,-0.86
560.65,-3.70,-2.86,-3.70,-2.86,2.86,2.91,3.00,-0.84,-0.84,-0.84
566.25,-3.75,-2.93,-3.75,-2.93,2.93,2.99,2.94,-0.82,-0.82,-0.82
571.92,-3.79,-3.00,-3.79,-3.00,3.00,3.07,2.88,-0.79,-0.79,-0.79
577.64,-3.83,-3.06,-3.83,-3.07,3.07,3.14,2.82,-0.76,-0.77,-0.77
583.41,-3.87,-3.14,-3.87,-3.13,3.13,3.22,2.75,-0.74,-0.74,-0.73
589.25,-3.91,-3.20,-3.91,-3.20,3.20,3.29,2.68,-0.71,-0.71,-0.71
595.14,-3.95,-3.26,-3.95,-3.27,3.26,3.37,2.61,-0.69,-0.69,-0.69
601.09,-4.00,-3.34,-4.00,-3.33,3.33,3.44,2.53,-0.67,-0.67,-0.66
607.10,-4.04,-3.39,-4.04,-3.39,3.39,3.51,2.46,-0.65,-0.65,-0.65
613.17,-4.08,-3.45,-4.08,-3.45,3.46,3.58,2.38,-0.63,-0.62,-0.63
619.30,-4.11,-3.52,-4.12,-3.52,3.52,3.64,2.31,-0.59,-0.60,-0.59
625.50,-4.15,-3.58,-4.15,-3.58,3.58,3.71,2.23,-0.57,-0.57,-0.57
631.75,-4.19,-3.64,-4.19,-3.64,3.64,3.77,2.15,-0.55,-0.55,-0.55
638.07,-4.22,-3.69,-4.22,-3.70,3.70,3.83,2.08,-0.52,-0.52,-0.53
644.45,-4.26,-3.77,-4.26,-3.76,3.76,3.88,2.00,-0.50,-0.50,-0.49
650.89,-4.29,-3.81,-4.29,-3.81,3.82,3.94,1.93,-0.47,-0.48,-0.48
657.40,-4.33,-3.87,-4.33,-3.87,3.87,3.98,1.85,-0.46,-0.46,-0.46
663.98,-4.36,-3.92,-4.36,-3.92,3.92,4.03,1.78,-0.44,-0.45,-0.44
670.62,-4.40,-3.99,-4.39,-3.97,3.97,4.07,1.71,-0.44,-0.43,-0.41
677.32,-4.41,-4.01,-4.41,-4.01,4.01,4.11,1.63,-0.40,-0.40,-0.40
684.10,-4.42,-4.04,-4.42,-4.04,4.05,4.14,1.56,-0.38,-0.38,-0.38
690.94,-4.43,-4.07,-4.43,-4.07,4.08,4.17,1.49,-0.35,-0.35,-0.36
697.85,-4.44,-4.11,-4.44,-4.11,4.11,4.19,1.42,-0.33,-0.34,-0.33
704.83,-4.46,-4.14,-4.45,-4.14,4.13,4.21,1.35,-0.33,-0.32,-0.32
711.87,-4.46,-4.16,-4.46,-4.16,4.16,4.22,1.29,-0.30,-0.30,-0.30
718.99,-4.46,-4.17,-4.46,-4.18,4.18,4.22,1.22,-0.28,-0.28,-0.29
726.18,-4.46,-4.19,-4.46,-4.19,4.20,4.22,1.16,-0.26,-0.26,-0.27
733.44,-4.46,-4.22,-4.46,-4.21,4.21,4.22,1.09,-0.25,-0.25,-0.24
740.78,-4.45,-4.22,-4.46,-4.23,4.22,4.20,1.03,-0.23,-0.24,-0.23
748.19,-4.45,-4.24,-4.44,-4.23,4.22,4.18,0.97,-0.23,-0.22,-0.21
755.67,-4.42,-4.23,-4.41,-4.22,4.21,4.15,0.91,-0.21,-0.20,-0.19
763.23,-4.36,-4.19,-4.37,-4.20,4.20,4.12,0.85,-0.16,-0.17,-0.17
770.86,-4.32,-4.16,-4.33,-4.17,4.18,4.08,0.79,-0.14,-0.15,-0.16
778.57,-4.28,-4.14,-4.28,-4.14,4.15,4.03,0.73,-0.13,-0.13,-0.14
786.35,-4.24,-4.12,-4.23,-4.11,4.11,3.97,0.68,-0.13,-0.13,-0.12
794.22,-4.17,-4.07,-4.17,-4.07,4.06,3.91,0.62,-0.11,-0.11,-0.10
802.16,-4.08,-4.00,-4.08,-4.00,4.00,3.84,0.57,-0.08,-0.08,-0.08
810.18,-3.98,-3.92,-3.99,-3.92,3.93,3.76,0.52,-0.05,-0.06,-0.06
818.28,-3.89,-3.84,-3.90,-3.85,3.84,3.67,0.47,-0.05,-0.05,-0.05
826.46,-3.80,-3.77,-3.79,-3.76,3.75,3.57,0.41,-0.05,-0.05,-0.03
834.73,-3.68,-3.66,-3.67,-3.65,3.64,3.47,0.37,-0.04,-0.03,-0.02
843.08,-3.52,-3.51,-3.53,-3.52,3.52,3.36,0.32,-0.00,-0.01,-0.01
851.51,-3.36,-3.37,-3.37,-3.38,3.39,3.24,0.27,0.02,0.02,0.01
860.02,-3.21,-3.24,-3.21,-3.24,3.24,3.12,0.22,0.03,0.03,0.03
868.62,-3.04,-3.09,-3.04,-3.09,3.09,2.98,0.18,0.04,0.04,0.05
877.31,-2.87,-2.94,-2.86,-2.93,2.92,2.84,0.14,0.05,0.06,0.07
886.08,-2.66,-2.75,-2.66,-2.75,2.74,2.69,0.10,0.08,0.08,0.09
894.94,-2.45,-2.56,-2.46,-2.56,2.56,2.54,0.06,0.11,0.11,0.11
903.89,-2.24,-2.37,-2.24,-2.37,2.37,2.38,0.02,0.13,0.13,0.13
912.93,-2.02,-2.17,-2.02,-2.17,2.18,2.21,-0.02,0.16,0.15,0.15
922.06,-1.80,-1.98,-1.80,-1.98,1.98,2.04,-0.06,0.17,0.17,0.18
931.28,-1.58,-1.78,-1.58,-1.78,1.77,1.87,-0.09,0.19,0.20,0.20
940.59,-1.35,-1.58,-1.35,-1.57,1.57,1.68,-0.12,0.22,0.22,0.23
950.00,-1.11,-1.36,-1.12,-1.37,1.37,1.50,-0.15,0.26,0.25,0.25
959.50,-0.89,-1.17,-0.89,-1.16,1.17,1.31,-0.18,0.28,0.28,0.28
969.09,-0.66,-0.96,-0.67,-0.97,0.97,1.12,-0.21,0.31,0.31,0.30
978.78,-0.45,-0.78,-0.45,-0.78,0.78,0.93,-0.23,0.33,0.33,0.33
988.57,-0.24,-0.60,-0.24,-0.60,0.60,0.74,-0.26,0.36,0.36,0.36
998.46,-0.03,-0.42,-0.03,-0.42,0.42,0.56,-0.28,0.39,0.39,0.39
1008.44,0.17,-0.26,0.17,-0.25,0.26,0.37,-0.30,0.43,0.43,0.43
1018.53,0.38,-0.09,0.37,-0.10,0.10,0.19,-0.31,0.48,0.47,0.47
1028.71,0.56,0.05,0.56,0.06,-0.06,0.00,-0.33,0.50,0.51,0.51
1039.00,0.75,0.20,0.75,0.20,-0.20,-0.17,-0.34,0.55,0.55,0.55
1049.39,0.93,0.34,0.93,0.34,-0.34,-0.34,-0.36,0.59,0.59,0.59
1059.88,1.11,0.48,1.11,0.48,-0.48,-0.50,-0.37,0.63,0.63,0.63
1070.48,1.29,0.61,1.29,0.61,-0.61,-0.67,-0.38,0.68,0.68,0.68
1081.19,1.46,0.73,1.46,0.74,-0.74,-0.82,-0.39,0.72,0.72,0.73
1092.00,1.63,0.86,1.63,0.86,-0.86,-0.96,-0.39,0.76,0.77,0.77
1102.92,1.81,0.99,1.80,0.99,-0.99,-1.10,-0.40,0.82,0.81,0.82
1113.95,1.98,1.11,1.98,1.12,-1.12,-1.24,-0.41,0.86,0.85,0.87
1125.09,2.15,1.24,2.16,1.25,-1.25,-1.37,-0.41,0.90,0.90,0.91
1136.34,2.34,1.39,2.34,1.39,-1.38,-1.50,-0.41,0.96,0.95,0.95
1147.70,2.53,1.53,2.52,1.53,-1.52,-1.63,-0.41,1.01,1.01,1.00
1159.18,2.71,1.66,2.71,1.66,-1.66,-1.75,-0.42,1.05,1.06,1.05
1170.77,2.91,1.80,2.90,1.80,-1.80,-1.88,-0.42,1.11,1.10,1.11
1182.48,3.10,1.93,3.10,1.94,-1.95,-2.00,-0.42,1.15,1.15,1.17
1194.30,3.31,2.08,3.31,2.09,-2.10,-2.13,-0.42,1.21,1.21,1.23
1206.25,3.53,2.25,3.53,2.25,-2.26,-2.26,-0.42,1.27,1.27,1.28
1218.31,3.75,2.43,3.75,2.43,-2.42,-2.40,-0.42,1.33,1.33,1.32
1230.49,3.97,2.60,3.97,2.59,-2.58,-2.54,-0.42,1.39,1.38,1.37
1242.80,4.19,2.75,4.19,2.76,-2.76,-2.70,-0.42,1.43,1.44,1.44
1255.22,4.43,2.92,4.43,2.93,-2.94,-2.85,-0.42,1.49,1.49,1.51
1267.78,4.68,3.11,4.68,3.11,-3.12,-3.02,-0.42,1.56,1.56,1.57
1280.45,4.93,3.30,4.93,3.30,-3.31,-3.18,-0.42,1.62,1.62,1.63
1293.26,5.18,3.48,5.18,3.49,-3.49,-3.37,-0.42,1.69,1.69,1.70
1306.19,5.43,3.68,5.43,3.68,-3.68,-3.55,-0.42,1.75,1.75,1.75
1319.25,5.68,3.88,5.68,3.88,-3.87,-3.74,-0.42,1.80,1.80,1.80
1332.45,5.93,4.07,5.93,4.07,-4.07,-3.94,-0.42,1.86,1.86,1.86
1345.77,6.18,4.25,6.18,4.25,-4.25,-4.14,-0.42,1.93,1.93,1.93
1359.23,6.43,4.43,6.43,4.43,-4.44,-4.34,-0.42,1.99,2.00,2.00
1372.82,6.68,4.60,6.67,4.61,-4.61,-4.54,-0.42,2.06,2.06,2.08
1386.55,6.91,4.78,6.91,4.78,-4.78,-4.74,-0.42,2.12,2.12,2.13
1400.41,7.12,4.93,7.12,4.93,-4.94,-4.93,-0.43,2.18,2.18,2.19
1414.42,7.33,5.08,7.33,5.08,-5.09,-5.11,-0.43,2.24,2.24,2.25
1428.56,7.53,5.21,7.53,5.22,-5.21,-5.27,-0.43,2.32,2.32,2.32
1442.85,7.73,5.34,7.74,5.34,-5.32,-5.42,-0.44,2.41,2.41,2.39
1457.28,7.92,5.44,7.91,5.43,-5.42,-5.53,-0.44,2.50,2.49,2.48
1471.85,8.06,5.50,8.05,5.49,-5.49,-5.63,-0.45,2.57,2.55,2.56
1486.57,8.14,5.50,8.15,5.52,-5.54,-5.68,-0.45,2.60,2.60,2.64
1501.43,8.22,5.53,8.22,5.54,-5.57,-5.72,-0.46,2.65,2.66,2.69
1516.45,8.29,5.55,8.30,5.56,-5.56,-5.69,-0.46,2.73,2.74,2.73
1531.61,8.37,5.55,8.38,5.56,-5.52,-5.65,-0.47,2.85,2.85,2.81
1546.93,8.44,5.53,8.41,5.51,-5.46,-5.55,-0.48,2.98,2.95,2.90
1562.40,8.41,5.41,8.40,5.40,-5.38,-5.44,-0.48,3.03,3.02,2.99
1578.02,8.33,5.24,8.34,5.26,-5.27,-5.27,-0.49,3.06,3.07,3.08
1593.80,8.25,5.07,8.26,5.10,-5.14,-5.10,-0.50,3.11,3.12,3.17
1609.74,8.18,4.95,8.18,4.95,-4.98,-4.89,-0.50,3.20,3.20,3.22
1625.84,8.09,4.80,8.10,4.80,-4.79,-4.67,-0.51,3.30,3.31,3.29
1642.10,8.01,4.63,8.00,4.62,-4.58,-4.43,-0.52,3.42,3.42,3.38
1658.52,7.90,4.42,7.88,4.40,-4.37,-4.18,-0.52,3.53,3.51,3.48
1675.10,7.73,4.15,7.73,4.15,-4.14,-3.93,-0.53,3.59,3.59,3.58
1691.85,7.56,3.87,7.56,3.88,-3.90,-3.67,-0.54,3.65,3.66,3.69
1708.77,7.39,3.61,7.39,3.62,-3.65,-3.40,-0.54,3.74,3.74,3.78
1725.86,7.23,3.38,7.23,3.38,-3.38,-3.14,-0.55,3.85,3.85,3.85
1743.12,7.07,3.15,7.07,3.12,-3.11,-2.88,-0.55,3.96,3.96,3.92
1760.55,6.90,2.85,6.90,2.85,-2.83,-2.62,-0.56,4.07,4.07,4.05
1778.15,6.73,2.55,6.73,2.55,-2.55,-2.36,-0.56,4.18,4.17,4.18
1795.94,6.55,2.26,6.55,2.25,-2.27,-2.11,-0.56,4.28,4.28,4.29
1813.90,6.37,1.96,6.37,1.97,-1.98,-1.86,-0.57,4.39,4.39,4.41
1832.03,6.20,1.70,6.20,1.70,-1.69,-1.61,-0.57,4.51,4.50,4.50
1850.36,6.02,1.44,6.02,1.42,-1.40,-1.37,-0.57,4.62,4.62,4.58
1868.86,5.85,1.13,5.85,1.12,-1.11,-1.13,-0.56,4.74,4.73,4.72
1887.55,5.68,0.81,5.68,0.81,-0.83,-0.90,-0.56,4.85,4.85,4.87
1906.42,5.53,0.51,5.53,0.51,-0.55,-0.66,-0.55,4.98,4.99,5.02
1925.49,5.39,0.23,5.39,0.24,-0.26,-0.43,-0.55,5.13,5.13,5.16
1944.74,5.25,-0.01,5.25,-0.01,0.03,-0.20,-0.54,5.28,5.28,5.26
1964.19,5.11,-0.25,5.11,-0.27,0.31,0.03,-0.53,5.42,5.42,5.36
1983.83,4.97,-0.55,4.97,-0.56,0.59,0.26,-0.51,5.56,5.56,5.52
2003.67,4.84,-0.86,4.83,-0.87,0.86,0.50,-0.50,5.70,5.69,5.70
2023.71,4.70,-1.19,4.70,-1.17,1.12,0.73,-0.48,5.82,5.82,5.89
2043.94,4.58,-1.44,4.59,-1.41,1.38,0.97,-0.47,5.96,5.97,6.02
2064.38,4.50,-1.62,4.50,-1.64,1.64,1.21,-0.45,6.14,6.13,6.12
2085.03,4.43,-1.83,4.42,-1.86,1.88,1.45,-0.42,6.31,6.30,6.26
2105.88,4.35,-2.11,4.35,-2.10,2.12,1.70,-0.40,6.47,6.47,6.46
2126.94,4.28,-2.36,4.28,-2.35,2.35,1.95,-0.37,6.63,6.63,6.64
2148.20,4.21,-2.60,4.20,-2.58,2.58,2.21,-0.35,6.79,6.78,6.81
2169.69,4.13,-2.79,4.13,-2.79,2.79,2.47,-0.32,6.92,6.92,6.92
2191.38,4.05,-2.97,4.06,-2.99,3.00,2.73,-0.28,7.05,7.06,7.02
2213.30,4.00,-3.21,4.00,-3.21,3.20,2.99,-0.25,7.20,7.20,7.21
2235.43,3.97,-3.43,3.97,-3.42,3.39,3.25,-0.22,7.36,7.36,7.40
2257.78,3.96,-3.63,3.96,-3.60,3.57,3.51,-0.18,7.53,7.52,7.58
2280.36,3.96,-3.74,3.95,-3.74,3.74,3.77,-0.14,7.70,7.69,7.69
2303.17,3.95,-3.84,3.95,-3.86,3.90,4.01,-0.11,7.85,7.86,7.79
2326.20,3.95,-3.99,3.95,-4.00,4.06,4.25,-0.07,8.01,8.00,7.94
2349.46,3.94,-4.16,3.93,-4.18,4.20,4.46,-0.03,8.13,8.13,8.10
2372.95,3.93,-4.35,3.92,-4.35,4.32,4.66,0.02,8.25,8.24,8.28
2396.68,3.92,-4.51,3.93,-4.48,4.43,4.83,0.06,8.35,8.36,8.43
2420.65,3.95,-4.57,3.96,-4.57,4.53,4.97,0.10,8.48,8.49,8.52
2444.86,4.02,-4.61,4.02,-4.63,4.62,5.06,0.15,8.64,8.64,8.63
2469.31,4.10,-4.67,4.09,-4.67,4.70,5.13,0.19,8.80,8.79,8.77
2494.00,4.17,-4.73,4.17,-4.73,4.76,5.15,0.24,8.93,8.93,8.90
2518.94,4.24,-4.79,4.24,-4.78,4.81,5.14,0.29,9.05,9.05,9.03
2544.13,4.32,-4.83,4.32,-4.82,4.84,5.08,0.34,9.16,9.15,9.15
2569.57,4.39,-4.85,4.38,-4.86,4.86,5.00,0.38,9.25,9.24,9.24
2595.27,4.46,-4.87,4.45,-4.88,4.86,4.88,0.43,9.32,9.32,9.33
2621.22,4.53,-4.89,4.54,-4.87,4.85,4.75,0.48,9.38,9.39,9.42
2647.43,4.66,-4.85,4.66,-4.84,4.81,4.59,0.54,9.47,9.48,9.50
2673.90,4.82,-4.76,4.81,-4.77,4.76,4.42,0.59,9.57,9.57,9.58
2700.64,4.99,-4.68,4.99,-4.68,4.68,4.24,0.64,9.67,9.67,9.67
2727.65,5.16,-4.57,5.16,-4.57,4.59,4.06,0.69,9.75,9.75,9.73
2754.93,5.34,-4.45,5.34,-4.45,4.48,3.87,0.75,9.81,9.81,9.79
2782.48,5.51,-4.32,5.50,-4.33,4.35,3.69,0.80,9.86,9.85,9.83
2810.30,5.68,-4.20,5.68,-4.20,4.21,3.51,0.86,9.89,9.89,9.88
2838.40,5.85,-4.08,5.86,-4.06,4.05,3.34,0.92,9.90,9.91,9.93
2866.79,6.06,-3.90,6.06,-3.91,3.88,3.17,0.97,9.94,9.94,9.96
2895.46,6.28,-3.73,6.28,-3.72,3.70,3.01,1.03,9.98,9.98,10.00
2924.41,6.51,-3.52,6.51,-3.52,3.50,2.86,1.09,10.00,10.00,10.03
2953.65,6.75,-3.28,6.74,-3.30,3.28,2.72,1.15,10.03,10.03,10.03
2983.19,6.97,-3.07,6.98,-3.06,3.06,2.58,1.21,10.03,10.04,10.04
3013.02,7.21,-2.82,7.21,-2.81,2.84,2.45,1.27,10.05,10.04,10.03
3043.15,7.42,-2.57,7.41,-2.58,2.62,2.34,1.34,10.04,10.03,9.99
3073.58,7.61,-2.36,7.60,-2.36,2.40,2.23,1.40,10.01,10.00,9.97
3104.32,7.77,-2.18,7.78,-2.16,2.18,2.12,1.46,9.95,9.96,9.94
3135.36,7.94,-1.97,7.94,-1.98,1.96,2.03,1.53,9.90,9.90,9.91
3166.72,8.10,-1.78,8.10,-1.79,1.74,1.94,1.59,9.84,9.83,9.88
3198.38,8.25,-1.59,8.26,-1.58,1.52,1.86,1.66,9.77,9.78,9.84
3230.37,8.42,-1.36,8.42,-1.36,1.32,1.79,1.72,9.74,9.73,9.78
3262.67,8.58,-1.13,8.59,-1.11,1.12,1.72,1.79,9.70,9.72,9.71
3295.30,8.73,-0.89,8.73,-0.88,0.95,1.66,1.85,9.68,9.68,9.62
3328.25,8.87,-0.65,8.82,-0.71,0.79,1.61,1.92,9.66,9.61,9.52
3361.53,8.84,-0.60,8.85,-0.59,0.65,1.56,1.98,9.49,9.50,9.44
3395.15,8.83,-0.53,8.84,-0.51,0.52,1.51,2.04,9.35,9.36,9.36
3429.10,8.81,-0.47,8.81,-0.46,0.41,1.47,2.10,9.22,9.22,9.27
3463.39,8.80,-0.38,8.80,-0.38,0.30,1.44,2.16,9.10,9.10,9.18
3498.03,8.78,-0.30,8.78,-0.30,0.22,1.41,2.22,9.00,8.99,9.08
3533.01,8.76,-0.20,8.77,-0.19,0.15,1.39,2.28,8.91,8.91,8.96
3568.34,8.74,-0.10,8.75,-0.08,0.10,1.37,2.34,8.84,8.85,8.83
3604.02,8.73,0.02,8.72,0.01,0.07,1.35,2.39,8.80,8.79,8.71
3640.06,8.65,0.06,8.63,0.03,0.06,1.34,2.44,8.71,8.69,8.59
3676.46,8.47,-0.01,8.45,-0.03,0.09,1.34,2.48,8.55,8.54,8.48
3713.22,8.20,-0.18,8.21,-0.15,0.15,1.34,2.53,8.34,8.36,8.38
3750.36,7.93,-0.32,7.94,-0.30,0.25,1.34,2.57,8.17,8.19,8.25
3787.86,7.67,-0.43,7.67,-0.43,0.39,1.35,2.60,8.06,8.06,8.10
3825.74,7.40,-0.56,7.40,-0.55,0.56,1.37,2.63,7.96,7.97,7.96
3864.00,7.13,-0.69,7.12,-0.71,0.76,1.39,2.66,7.89,7.87,7.82
3902.64,6.80,-0.89,6.79,-0.91,0.96,1.42,2.68,7.76,7.76,7.69
3941.66,6.44,-1.16,6.44,-1.15,1.17,1.45,2.69,7.61,7.61,7.60
3981.08,6.07,-1.41,6.07,-1.40,1.37,1.49,2.70,7.44,7.44,7.48
4020.89,5.70,-1.64,5.70,-1.64,1.58,1.53,2.71,7.28,7.28,7.34
4061.10,5.35,-1.85,5.36,-1.84,1.80,1.59,2.71,7.14,7.15,7.20
4101.71,5.03,-2.01,5.04,-2.01,2.00,1.65,2.70,7.03,7.04,7.04
4142.73,4.76,-2.15,4.75,-2.17,2.18,1.72,2.69,6.94,6.93,6.91
4184.15,4.47,-2.33,4.47,-2.33,2.35,1.79,2.68,6.82,6.81,6.80
4226.00,4.19,-2.50,4.19,-2.50,2.49,1.88,2.66,6.68,6.68,6.69
4268.26,3.91,-2.65,3.91,-2.65,2.62,1.97,2.63,6.53,6.53,6.56
4310.94,3.64,-2.79,3.65,-2.77,2.75,2.08,2.60,6.39,6.40,6.43
4354.05,3.42,-2.87,3.42,-2.87,2.88,2.19,2.57,6.30,6.29,6.29
4397.59,3.20,-2.95,3.20,-2.96,3.00,2.32,2.53,6.20,6.19,6.15
4441.56,2.98,-3.06,2.98,-3.07,3.11,2.45,2.49,6.09,6.08,6.04
4485.98,2.76,-3.18,2.75,-3.18,3.20,2.60,2.45,5.96,5.95,5.94
4530.84,2.52,-3.31,2.52,-3.31,3.28,2.75,2.40,5.80,5.81,5.83
4576.15,2.31,-3.41,2.31,-3.40,3.36,2.91,2.35,5.66,5.67,5.72
4621.91,2.12,-3.48,2.13,-3.46,3.42,3.08,2.31,5.54,5.55,5.60
4668.13,1.99,-3.48,1.98,-3.49,3.48,3.24,2.25,5.47,5.46,5.47
4714.81,1.86,-3.49,1.85,-3.50,3.53,3.41,2.20,5.39,5.38,5.35
4761.96,1.73,-3.53,1.73,-3.52,3.57,3.56,2.15,5.30,5.30,5.25
4809.58,1.60,-3.55,1.60,-3.55,3.60,3.70,2.09,5.20,5.20,5.15
4857.67,1.47,-3.59,1.46,-3.59,3.62,3.81,2.04,5.09,5.08,5.06
4906.25,1.33,-3.63,1.32,-3.64,3.62,3.91,1.99,4.95,4.94,4.96
4955.31,1.19,-3.67,1.20,-3.66,3.60,3.94,1.93,4.79,4.80,4.86
5004.87,1.12,-3.64,1.13,-3.63,3.56,3.96,1.88,4.68,4.70,4.76
5054.91,1.12,-3.55,1.12,-3.54,3.51,3.90,1.82,4.63,4.63,4.67
5105.46,1.16,-3.42,1.15,-3.43,3.44,3.82,1.77,4.60,4.59,4.58
5156.52,1.20,-3.30,1.20,-3.30,3.35,3.67,1.72,4.55,4.55,4.50
5208.08,1.24,-3.19,1.24,-3.18,3.25,3.49,1.67,4.49,4.49,4.42
5260.16,1.28,-3.06,1.28,-3.06,3.12,3.25,1.62,4.40,4.40,4.34
5312.77,1.32,-2.94,1.31,-2.96,2.97,2.99,1.57,4.29,4.28,4.26
5365.89,1.37,-2.82,1.35,-2.83,2.79,2.68,1.52,4.16,4.14,4.19
5419.55,1.41,-2.71,1.45,-2.66,2.59,2.37,1.47,4.00,4.04,4.11
5473.75,1.61,-2.42,1.63,-2.41,2.36,2.02,1.43,3.97,3.99,4.03
5528.49,1.90,-2.08,1.88,-2.10,2.10,1.67,1.38,4.00,3.97,3.98
5583.77,2.18,-1.73,2.17,-1.75,1.79,1.30,1.34,3.97,3.96,3.91
5639.61,2.47,-1.39,2.46,-1.39,1.43,0.93,1.30,3.90,3.90,3.86
5696.00,2.77,-1.02,2.78,-1.01,1.01,0.54,1.26,3.78,3.80,3.79
5752.96,3.15,-0.59,3.15,-0.60,0.53,0.14,1.22,3.68,3.68,3.74
5810.49,3.59,-0.09,3.55,-0.13,0.01,-0.27,1.18,3.60,3.57,3.68
5868.60,4.04,0.42,4.03,0.40,-0.52,-0.69,1.15,3.52,3.51,3.62
5927.28,4.58,1.02,4.59,1.02,-1.07,-1.12,1.11,3.51,3.52,3.56
5986.56,5.25,1.73,5.20,1.68,-1.64,-1.56,1.08,3.61,3.56,3.52
6046.42,5.95,2.48,5.78,2.30,-2.22,-2.00,1.05,3.73,3.57,3.47
6106.89,6.45,3.02,6.26,2.82,-2.76,-2.44,1.02,3.69,3.50,3.43
6167.96,6.80,3.41,6.56,3.15,-3.22,-2.85,0.99,3.58,3.34,3.39
6229.64,7.14,3.79,6.89,3.52,-3.59,-3.25,0.96,3.55,3.30,3.35
6291.93,7.51,4.19,7.29,3.95,-3.83,-3.54,0.93,3.68,3.46,3.32
6354.85,8.32,5.04,7.53,4.23,-3.96,-3.82,0.90,4.36,3.57,3.28
6418.40,8.51,5.26,7.44,4.18,-3.97,-3.92,0.88,4.54,3.47,3.25
6482.58,7.88,4.67,6.98,3.75,-3.89,-4.00,0.85,3.99,3.08,3.21
6547.41,7.22,4.04,6.05,2.86,-3.74,-3.88,0.83,3.48,2.31,3.18
6612.88,6.37,3.23,4.89,1.73,-3.52,-3.73,0.81,2.85,1.37,3.14
6679.01,4.98,1.86,3.63,0.51,-3.25,-3.46,0.78,1.73,0.39,3.12
6745.80,3.53,0.42,2.34,-0.74,-2.94,-3.16,0.76,0.59,-0.60,3.11
6813.26,2.15,-0.93,1.16,-1.87,-2.64,-2.82,0.74,-0.49,-1.48,3.08
6881.39,0.87,-2.19,0.24,-2.73,-2.37,-2.47,0.72,-1.50,-2.13,3.06
6950.21,-0.23,-3.25,-0.44,-3.34,-2.11,-2.12,0.70,-2.34,-2.55,3.02
7019.71,-1.07,-4.08,-0.91,-3.74,-1.85,-1.78,0.69,-2.92,-2.77,3.00
7089.91,-1.83,-4.82,-1.24,-3.98,-1.59,-1.46,0.67,-3.42,-2.83,2.99
7160.81,-2.50,-5.47,-1.46,-4.11,-1.33,-1.15,0.65,-3.84,-2.79,2.97
7232.41,-3.19,-6.12,-1.60,-4.16,-1.08,-0.86,0.63,-4.27,-2.68,2.93
7304.74,-3.73,-6.64,-1.69,-4.15,-0.82,-0.58,0.62,-4.55,-2.51,2.91
7377.79,-4.23,-7.11,-1.75,-4.11,-0.56,-0.32,0.60,-4.79,-2.31,2.88
7451.56,-4.74,-7.59,-1.78,-4.03,-0.30,-0.07,0.59,-5.04,-2.08,2.85
7526.08,-5.12,-7.93,-1.80,-3.95,-0.04,0.17,0.57,-5.16,-1.84,2.81
7601.34,-5.27,-8.04,-1.81,-3.85,0.22,0.40,0.55,-5.06,-1.59,2.77
7677.35,-5.42,-8.14,-1.82,-3.76,0.47,0.62,0.54,-4.95,-1.35,2.72
7754.13,-5.56,-8.22,-1.84,-3.67,0.73,0.84,0.52,-4.83,-1.11,2.66
7831.67,-5.67,-8.24,-1.86,-3.59,0.99,1.06,0.51,-4.68,-0.87,2.57
7909.98,-5.52,-8.00,-1.89,-3.51,1.25,1.27,0.49,-4.27,-0.64,2.48
7989.08,-5.31,-7.71,-1.92,-3.44,1.54,1.47,0.48,-3.77,-0.38,2.40
8068.98,-5.10,-7.41,-1.95,-3.36,1.82,1.68,0.46,-3.28,-0.13,2.31
8149.67,-4.89,-7.11,-1.98,-3.29,2.09,1.87,0.45,-2.80,0.11,2.22
8231.16,-4.54,-6.65,-2.02,-3.22,2.33,2.06,0.43,-2.21,0.31,2.11
8313.47,-4.12,-6.12,-2.05,-3.14,2.53,2.23,0.41,-1.59,0.48,2.00
8396.61,-3.71,-5.59,-2.08,-3.07,2.68,2.40,0.40,-1.03,0.60,1.88
8480.57,-3.32,-5.04,-2.11,-2.99,2.79,2.54,0.38,-0.53,0.68,1.72
8565.38,-3.13,-4.69,-2.14,-2.91,2.85,2.67,0.36,-0.28,0.70,1.56
8651.03,-3.03,-4.42,-2.18,-2.84,2.86,2.75,0.35,-0.18,0.68,1.39
8737.54,-2.93,-4.17,-2.21,-2.77,2.82,2.83,0.33,-0.11,0.61,1.24
8824.92,-2.84,-3.94,-2.25,-2.69,2.75,2.85,0.31,-0.09,0.50,1.10
8913.17,-2.75,-3.71,-2.29,-2.62,2.66,2.87,0.30,-0.09,0.37,0.96
9002.30,-2.84,-3.61,-2.33,-2.55,2.57,2.82,0.28,-0.28,0.23,0.77
9092.32,-3.00,-3.57,-2.38,-2.47,2.48,2.77,0.26,-0.53,0.10,0.57
9183.25,-3.15,-3.53,-2.42,-2.41,2.40,2.66,0.24,-0.75,-0.02,0.38
9275.08,-3.29,-3.49,-2.47,-2.34,2.34,2.55,0.23,-0.96,-0.14,0.20
9367.83,-3.42,-3.49,-2.52,-2.27,2.27,2.41,0.21,-1.15,-0.25,0.07
9461.51,-3.56,-3.49,-2.57,-2.20,2.20,2.26,0.19,-1.36,-0.37,-0.07
9556.12,-3.68,-3.42,-2.63,-2.13,2.13,2.09,0.17,-1.55,-0.49,-0.26
9651.68,-3.81,-3.33,-2.68,-2.07,2.07,1.93,0.15,-1.74,-0.62,-0.48
9748.20,-3.92,-3.23,-2.74,-2.00,2.00,1.76,0.14,-1.92,-0.74,-0.69
9845.68,-4.02,-3.16,-2.80,-1.94,1.94,1.59,0.12,-2.08,-0.86,-0.87
9944.14,-4.13,-3.13,-2.85,-1.88,1.88,1.42,0.10,-2.25,-0.97,-1.00
10043.58,-4.22,-3.06,-2.90,-1.81,1.82,1.26,0.08,-2.40,-1.07,-1.16
10144.02,-4.32,-2.95,-2.97,-1.76,1.77,1.10,0.07,-2.55,-1.20,-1.37
10245.46,-4.41,-2.84,-3.04,-1.72,1.72,0.95,0.05,-2.69,-1.32,-1.58
10347.91,-4.51,-2.73,-3.11,-1.67,1.67,0.82,0.03,-2.85,-1.45,-1.78
10451.39,-4.60,-2.68,-3.18,-1.62,1.62,0.68,0.01,-2.99,-1.57,-1.92
10555.91,-4.68,-2.62,-3.25,-1.57,1.56,0.56,-0.01,-3.12,-1.69,-2.06
10661.46,-4.77,-2.54,-3.32,-1.51,1.51,0.44,-0.03,-3.26,-1.81,-2.23
10768.08,-4.85,-2.42,-3.39,-1.46,1.46,0.33,-0.05,-3.39,-1.93,-2.43
10875.76,-4.86,-2.22,-3.45,-1.40,1.40,0.23,-0.06,-3.46,-2.05,-2.64
10984.52,-4.86,-2.02,-3.52,-1.35,1.35,0.13,-0.08,-3.51,-2.17,-2.84
11094.36,-4.79,-1.83,-3.59,-1.29,1.29,0.04,-0.10,-3.50,-2.30,-2.96
11205.31,-4.72,-1.64,-3.65,-1.23,1.23,-0.04,-0.12,-3.49,-2.42,-3.09
11317.36,-4.65,-1.39,-3.72,-1.17,1.17,-0.13,-0.15,-3.49,-2.55,-3.26
11430.53,-4.57,-1.13,-3.78,-1.10,1.10,-0.20,-0.17,-3.47,-2.68,-3.44
11544.84,-4.50,-0.86,-3.84,-1.04,1.04,-0.27,-0.19,-3.46,-2.80,-3.64
11660.29,-4.43,-0.61,-3.90,-0.97,0.97,-0.33,-0.21,-3.46,-2.93,-3.82
11776.89,-4.36,-0.40,-3.97,-0.90,0.90,-0.40,-0.24,-3.46,-3.06,-3.96
11894.66,-4.30,-0.21,-4.03,-0.83,0.83,-0.45,-0.26,-3.47,-3.19,-4.09
12013.60,-4.23,0.01,-4.09,-0.76,0.76,-0.51,-0.29,-3.47,-3.33,-4.24
12133.74,-4.16,0.22,-4.15,-0.69,0.69,-0.56,-0.31,-3.47,-3.46,-4.38
12255.08,-4.05,0.47,-4.20,-0.61,0.61,-0.61,-0.34,-3.44,-3.59,-4.53
12377.63,-3.77,0.89,-4.26,-0.54,0.54,-0.66,-0.37,-3.23,-3.72,-4.66
12501.41,-3.49,1.28,-4.32,-0.46,0.46,-0.70,-0.40,-3.03,-3.86,-4.77
12626.42,-3.21,1.66,-4.38,-0.38,0.38,-0.74,-0.44,-2.83,-3.99,-4.87
12752.68,-2.94,2.03,-4.43,-0.30,0.30,-0.79,-0.47,-2.64,-4.13,-4.97
12880.21,-2.66,2.44,-4.49,-0.22,0.22,-0.82,-0.51,-2.44,-4.27,-5.10
13009.01,-2.39,2.83,-4.54,-0.14,0.14,-0.86,-0.55,-2.25,-4.41,-5.22
13139.10,-2.11,3.23,-4.60,-0.05,0.05,-0.90,-0.60,-2.06,-4.54,-5.34
13270.49,-1.71,3.74,-4.65,0.03,-0.03,-0.93,-0.64,-1.74,-4.68,-5.45
13403.20,-1.30,4.23,-4.70,0.12,-0.12,-0.97,-0.69,-1.42,-4.82,-5.53
13537.23,-0.89,4.72,-4.75,0.21,-0.21,-1.00,-0.74,-1.10,-4.96,-5.61
13672.60,-0.46,5.25,-4.81,0.30,-0.30,-1.03,-0.80,-0.76,-5.11,-5.72
13809.33,-0.03,5.78,-4.86,0.39,-0.39,-1.06,-0.86,-0.43,-5.25,-5.81
13947.42,-0.12,5.80,-4.91,0.49,-0.49,-1.09,-0.93,-0.61,-5.39,-5.92
14086.90,-0.21,5.81,-4.95,0.58,-0.58,-1.12,-1.00,-0.79,-5.54,-6.03
14227.77,-0.40,5.72,-5.00,0.68,-0.68,-1.15,-1.07,-1.08,-5.68,-6.12
14370.04,-0.71,5.50,-5.05,0.78,-0.78,-1.17,-1.15,-1.49,-5.83,-6.21
14513.74,-1.03,5.25,-5.10,0.88,-0.88,-1.20,-1.24,-1.91,-5.98,-6.28
14658.88,-1.27,5.12,-5.14,0.98,-0.98,-1.23,-1.33,-2.25,-6.12,-6.39
14805.47,-1.50,4.98,-5.19,1.08,-1.08,-1.25,-1.42,-2.58,-6.27,-6.48
14953.52,-1.73,4.86,-5.23,1.19,-1.19,-1.28,-1.52,-2.92,-6.42,-6.60
15103.06,-1.96,4.74,-5.28,1.29,-1.29,-1.31,-1.61,-3.25,-6.57,-6.70
15254.09,-2.19,4.59,-5.32,1.40,-1.40,-1.33,-1.70,-3.59,-6.72,-6.78
15406.63,-2.42,4.46,-5.36,1.51,-1.51,-1.35,-1.79,-3.93,-6.87,-6.88
15560.70,-2.65,4.30,-5.41,1.62,-1.62,-1.38,-1.86,-4.27,-7.03,-6.95
15716.30,-2.90,4.16,-5.45,1.73,-1.73,-1.40,-1.91,-4.63,-7.18,-7.06
15873.47,-3.35,3.85,-5.49,1.85,-1.85,-1.43,-1.95,-5.20,-7.34,-7.20
16032.20,-3.80,3.52,-5.53,1.96,-1.96,-1.45,-1.96,-5.76,-7.49,-7.32
16192.52,-4.29,3.15,-5.57,2.08,-2.08,-1.47,-1.94,-6.37,-7.65,-7.44
16354.45,-4.81,2.75,-5.61,2.20,-2.20,-1.50,-1.89,-7.01,-7.80,-7.56
16517.99,-5.33,2.33,-5.64,2.32,-2.32,-1.52,-1.82,-7.65,-7.96,-7.67
16683.17,-5.82,1.95,-5.68,2.44,-2.44,-1.54,-1.72,-8.26,-8.12,-7.77
16850.01,-6.31,1.60,-5.72,2.56,-2.56,-1.56,-1.60,-8.87,-8.28,-7.91
17018.51,-6.63,1.42,-5.75,2.68,-2.68,-1.59,-1.47,-9.32,-8.44,-8.05
17188.69,-6.81,1.38,-5.79,2.81,-2.81,-1.61,-1.33,-9.62,-8.60,-8.19
17360.58,-7.00,1.32,-5.82,2.94,-2.94,-1.63,-1.20,-9.94,-8.76,-8.32
17534.18,-7.16,1.27,-5.86,3.07,-3.07,-1.65,-1.06,-10.23,-8.92,-8.43
17709.53,-7.32,1.21,-5.89,3.20,-3.20,-1.67,-0.94,-10.52,-9.09,-8.53
17886.62,-7.49,1.20,-5.92,3.33,-3.33,-1.69,-0.82,-10.82,-9.25,-8.70
18065.49,-7.65,1.20,-5.95,3.46,-3.46,-1.71,-0.72,-11.11,-9.42,-8.85
18246.14,-7.83,1.19,-5.99,3.60,-3.60,-1.73,-0.62,-11.43,-9.58,-9.02
18428.60,-8.01,1.15,-6.02,3.73,-3.73,-1.75,-0.53,-11.74,-9.75,-9.16
18612.89,-8.18,1.11,-6.05,3.87,-3.87,-1.77,-0.45,-12.05,-9.92,-9.29
18799.02,-8.36,1.10,-6.07,4.01,-4.01,-1.79,-0.39,-12.37,-10.08,-9.46
18987.01,-8.54,1.12,-6.10,4.15,-4.15,-1.81,-0.33,-12.69,-10.25,-9.66
19176.88,-8.73,1.14,-6.13,4.29,-4.29,-1.83,-0.28,-13.02,-10.42,-9.87
19368.65,-8.94,1.19,-6.16,4.44,-4.44,-1.84,-0.23,-13.38,-10.59,-10.13
19562.33,-9.27,1.38,-6.18,4.58,-4.58,-1.86,-0.19,-13.85,-10.77,-10.65
19757.96,-9.84,1.17,-6.21,4.73,-4.73,-1.87,-0.15,-14.57,-10.94,-11.01
19955.54,-11.24,0.11,-6.23,4.88,-4.88,-1.89,-0.11,-16.12,-11.11,-11.35
