frequency,raw,error,smoothed,error_smoothed,equalization,fixed_band_eq,equalized_raw,equalized_smoothed,target
20.00,5.10,7.43,5.10,7.43,-7.42,-1.33,-2.33,-2.33,-2.33
20.20,5.12,7.45,5.12,7.45,-7.45,-1.35,-2.33,-2.33,-2.33
20.40,5.13,7.46,5.14,7.47,-7.47,-1.38,-2.34,-2.33,-2.33
20.61,5.16,7.50,5.16,7.49,-7.49,-1.41,-2.33,-2.34,-2.34
20.81,5.18,7.52,5.17,7.51,-7.51,-1.44,-2.33,-2.34,-2.34
21.02,5.19,7.53,5.19,7.54,-7.54,-1.47,-2.35,-2.34,-2.34
21.23,5.21,7.56,5.21,7.56,-7.56,-1.50,-2.35,-2.35,-2.35
21.44,5.23,7.58,5.23,7.58,-7.58,-1.54,-2.35,-2.35,-2.35
21.66,5.25,7.60,5.25,7.60,-7.60,-1.57,-2.35,-2.35,-2.35
21.87,5.27,7.62,5.27,7.62,-7.62,-1.60,-2.35,-2.35,-2.35
22.09,5.29,7.64,5.29,7.64,-7.64,-1.64,-2.35,-2.35,-2.35
22.31,5.31,7.66,5.31,7.66,-7.66,-1.67,-2.35,-2.35,-2.35
22.54,5.33,7.68,5.32,7.67,-7.68,-1.71,-2.35,-2.35,-2.35
22.76,5.34,7.69,5.34,7.69,-7.70,-1.74,-2.36,-2.35,-2.35
22.99,5.36,7.71,5.36,7.71,-7.71,-1.78,-2.36,-2.35,-2.35
23.22,5.39,7.74,5.38,7.73,-7.73,-1.82,-2.34,-2.35,-2.35
23.45,5.41,7.76,5.41,7.75,-7.75,-1.86,-2.34,-2.34,-2.35
23.69,5.42,7.77,5.42,7.77,-7.77,-1.90,-2.35,-2.34,-2.35
23.92,5.44,7.79,5.44,7.79,-7.79,-1.94,-2.35,-2.35,-2.35
24.16,5.45,7.80,5.45,7.80,-7.80,-1.98,-2.35,-2.35,-2.35
24.40,5.47,7.82,5.47,7.82,-7.82,-2.02,-2.35,-2.35,-2.35
24.65,5.48,7.83,5.48,7.83,-7.83,-2.07,-2.35,-2.35,-2.35
24.89,5.50,7.85,5.50,7.85,-7.85,-2.11,-2.35,-2.35,-2.35
25.14,5.52,7.87,5.51,7.86,-7.86,-2.16,-2.34,-2.35,-2.35
25.39,5.53,7.88,5.53,7.88,-7.88,-2.20,-2.35,-2.35,-2.35
25.65,5.54,7.89,5.54,7.89,-7.89,-2.25,-2.35,-2.35,-2.35
25.91,5.56,7.91,5.56,7.90,-7.91,-2.30,-2.35,-2.35,-2.35
26.16,5.57,7.92,5.57,7.92,-7.92,-2.35,-2.35,-2.35,-2.35
26.43,5.59,7.94,5.59,7.94,-7.94,-2.40,-2.35,-2.35,-2.35
26.69,5.61,7.96,5.60,7.95,-7.95,-2.45,-2.34,-2.35,-2.35
26.96,5.62,7.97,5.62,7.97,-7.97,-2.51,-2.35,-2.35,-2.35
27.23,5.63,7.98,5.63,7.98,-7.98,-2.56,-2.35,-2.35,-2.35
27.50,5.65,8.00,5.64,7.99,-7.99,-2.62,-2.34,-2.35,-2.35
27.77,5.66,8.00,5.66,8.00,-8.00,-2.67,-2.34,-2.34,-2.34
28.05,5.67,8.01,5.67,8.01,-8.01,-2.73,-2.34,-2.33,-2.34
28.33,5.69,8.02,5.69,8.01,-8.01,-2.79,-2.33,-2.33,-2.33
28.62,5.70,8.02,5.70,8.02,-8.02,-2.85,-2.32,-2.32,-2.32
28.90,5.72,8.03,5.72,8.02,-8.03,-2.92,-2.31,-2.31,-2.31
29.19,5.73,8.03,5.73,8.03,-8.03,-2.98,-2.30,-2.30,-2.30
29.48,5.74,8.04,5.74,8.04,-8.04,-3.05,-2.30,-2.30,-2.30
29.78,5.75,8.05,5.75,8.05,-8.05,-3.11,-2.30,-2.30,-2.30
30.08,5.77,8.06,5.77,8.06,-8.06,-3.18,-2.29,-2.29,-2.29
30.38,5.78,8.07,5.78,8.07,-8.07,-3.25,-2.29,-2.29,-2.29
30.68,5.80,8.08,5.80,8.08,-8.08,-3.32,-2.28,-2.28,-2.28
30.99,5.81,8.09,5.81,8.09,-8.10,-3.39,-2.29,-2.29,-2.28
31.30,5.82,8.12,5.82,8.11,-8.11,-3.47,-2.29,-2.30,-2.30
31.61,5.82,8.13,5.82,8.13,-8.13,-3.55,-2.31,-2.31,-2.31
31.93,5.83,8.15,5.83,8.15,-8.15,-3.62,-2.32,-2.32,-2.32
32.24,5.84,8.17,5.84,8.17,-8.17,-3.70,-2.33,-2.33,-2.33
32.57,5.85,8.19,5.85,8.19,-8.19,-3.79,-2.34,-2.34,-2.34
32.89,5.86,8.21,5.86,8.21,-8.20,-3.87,-2.34,-2.34,-2.35
33.22,5.87,8.22,5.87,8.22,-8.22,-3.95,-2.35,-2.35,-2.35
33.55,5.89,8.24,5.88,8.23,-8.24,-4.04,-2.35,-2.35,-2.35
33.89,5.90,8.25,5.90,8.25,-8.25,-4.13,-2.35,-2.35,-2.35
34.23,5.91,8.26,5.91,8.26,-8.26,-4.22,-2.35,-2.35,-2.35
34.57,5.93,8.28,5.93,8.27,-8.28,-4.32,-2.35,-2.35,-2.35
34.92,5.94,8.29,5.94,8.29,-8.29,-4.41,-2.35,-2.35,-2.35
35.27,5.95,8.30,5.95,8.30,-8.30,-4.51,-2.35,-2.35,-2.35
35.62,5.96,8.31,5.96,8.31,-8.31,-4.61,-2.35,-2.35,-2.35
35.97,5.97,8.32,5.97,8.31,-8.31,-4.71,-2.34,-2.35,-2.35
36.33,5.97,8.32,5.97,8.32,-8.32,-4.81,-2.35,-2.35,-2.35
36.70,5.97,8.32,5.97,8.32,-8.31,-4.92,-2.35,-2.34,-2.35
37.06,5.97,8.32,5.97,8.31,-8.31,-5.03,-2.34,-2.34,-2.35
37.43,5.97,8.31,5.97,8.30,-8.30,-5.14,-2.33,-2.33,-2.34
37.81,5.97,8.29,5.97,8.29,-8.29,-5.25,-2.32,-2.32,-2.32
38.19,5.97,8.28,5.97,8.28,-8.28,-5.37,-2.31,-2.31,-2.31
38.57,5.97,8.27,5.97,8.26,-8.27,-5.49,-2.30,-2.30,-2.30
38.95,5.97,8.25,5.97,8.25,-8.26,-5.61,-2.29,-2.29,-2.28
39.34,5.97,8.24,5.97,8.25,-8.26,-5.73,-2.29,-2.29,-2.27
39.74,5.97,8.26,5.97,8.25,-8.26,-5.86,-2.29,-2.29,-2.29
40.14,5.97,8.27,5.97,8.27,-8.27,-5.99,-2.30,-2.30,-2.30
40.54,5.97,8.28,5.97,8.28,-8.28,-6.12,-2.31,-2.31,-2.31
40.94,5.97,8.30,5.97,8.30,-8.29,-6.25,-2.32,-2.32,-2.33
41.35,5.97,8.31,5.97,8.31,-8.30,-6.39,-2.33,-2.33,-2.34
41.76,5.97,8.32,5.97,8.32,-8.31,-6.53,-2.34,-2.34,-2.35
42.18,5.97,8.32,5.97,8.32,-8.31,-6.67,-2.35,-2.35,-2.35
42.60,5.97,8.32,5.97,8.32,-8.32,-6.81,-2.35,-2.35,-2.35
43.03,5.97,8.32,5.97,8.32,-8.32,-6.96,-2.35,-2.35,-2.35
43.46,5.97,8.32,5.97,8.32,-8.32,-7.11,-2.35,-2.35,-2.35
43.90,5.97,8.32,5.97,8.32,-8.32,-7.26,-2.35,-2.35,-2.35
44.33,5.97,8.32,5.97,8.32,-8.32,-7.41,-2.35,-2.35,-2.35
44.78,5.97,8.32,5.97,8.32,-8.32,-7.56,-2.35,-2.35,-2.35
45.23,5.97,8.32,5.97,8.32,-8.32,-7.72,-2.35,-2.35,-2.35
45.68,5.97,8.32,5.97,8.32,-8.32,-7.88,-2.35,-2.35,-2.35
46.13,5.97,8.32,5.97,8.32,-8.31,-8.04,-2.35,-2.35,-2.35
46.60,5.96,8.31,5.96,8.31,-8.31,-8.20,-2.35,-2.35,-2.35
47.06,5.96,8.31,5.96,8.31,-8.30,-8.37,-2.34,-2.34,-2.35
47.53,5.96,8.30,5.96,8.30,-8.29,-8.53,-2.34,-2.34,-2.34
48.01,5.96,8.29,5.96,8.29,-8.28,-8.70,-2.32,-2.32,-2.33
48.49,5.96,8.28,5.96,8.27,-8.27,-8.86,-2.31,-2.31,-2.32
48.97,5.95,8.26,5.95,8.26,-8.26,-9.03,-2.31,-2.31,-2.31
49.46,5.94,8.24,5.94,8.24,-8.25,-9.19,-2.31,-2.30,-2.30
49.96,5.93,8.23,5.93,8.23,-8.23,-9.36,-2.30,-2.31,-2.30
50.46,5.91,8.22,5.91,8.22,-8.22,-9.52,-2.31,-2.31,-2.31
50.96,5.89,8.21,5.89,8.21,-8.21,-9.68,-2.32,-2.32,-2.32
51.47,5.88,8.21,5.88,8.20,-8.20,-9.84,-2.33,-2.33,-2.33
51.99,5.86,8.20,5.86,8.20,-8.20,-9.99,-2.34,-2.34,-2.34
52.51,5.85,8.20,5.85,8.20,-8.19,-10.14,-2.34,-2.34,-2.35
53.03,5.84,8.19,5.84,8.19,-8.19,-10.29,-2.35,-2.35,-2.35
53.56,5.84,8.19,5.84,8.18,-8.19,-10.43,-2.35,-2.35,-2.35
54.10,5.83,8.18,5.83,8.18,-8.18,-10.56,-2.35,-2.35,-2.35
54.64,5.83,8.18,5.83,8.18,-8.18,-10.69,-2.35,-2.35,-2.35
55.18,5.83,8.18,5.82,8.17,-8.18,-10.81,-2.35,-2.35,-2.35
55.74,5.82,8.17,5.82,8.17,-8.17,-10.92,-2.35,-2.35,-2.35
56.29,5.82,8.17,5.82,8.17,-8.17,-11.02,-2.35,-2.35,-2.35
56.86,5.82,8.17,5.81,8.16,-8.16,-11.11,-2.34,-2.34,-2.35
57.42,5.81,8.16,5.81,8.16,-8.15,-11.19,-2.34,-2.34,-2.35
58.00,5.79,8.14,5.79,8.14,-8.14,-11.26,-2.35,-2.34,-2.35
58.58,5.78,8.13,5.78,8.13,-8.12,-11.31,-2.34,-2.35,-2.35
59.16,5.76,8.11,5.76,8.11,-8.11,-11.35,-2.35,-2.35,-2.35
59.76,5.74,8.09,5.74,8.09,-8.09,-11.38,-2.35,-2.35,-2.35
60.35,5.72,8.07,5.72,8.07,-8.07,-11.40,-2.36,-2.35,-2.35
60.96,5.71,8.06,5.71,8.05,-8.06,-11.40,-2.35,-2.35,-2.35
61.57,5.69,8.04,5.69,8.04,-8.04,-11.39,-2.35,-2.35,-2.35
62.18,5.68,8.03,5.68,8.02,-8.03,-11.37,-2.35,-2.35,-2.35
62.80,5.66,8.01,5.66,8.01,-8.01,-11.34,-2.35,-2.35,-2.35
63.43,5.65,8.00,5.65,8.00,-7.99,-11.29,-2.35,-2.35,-2.35
64.07,5.64,7.99,5.63,7.98,-7.98,-11.23,-2.34,-2.34,-2.35
64.71,5.62,7.96,5.62,7.97,-7.96,-11.17,-2.34,-2.34,-2.34
65.35,5.61,7.95,5.61,7.95,-7.95,-11.09,-2.34,-2.34,-2.34
66.01,5.60,7.94,5.59,7.93,-7.93,-11.00,-2.33,-2.34,-2.34
66.67,5.58,7.91,5.58,7.92,-7.92,-10.91,-2.34,-2.33,-2.33
67.33,5.57,7.90,5.57,7.90,-7.90,-10.81,-2.34,-2.34,-2.33
68.01,5.56,7.90,5.55,7.89,-7.89,-10.71,-2.33,-2.34,-2.34
68.69,5.54,7.88,5.54,7.88,-7.88,-10.60,-2.34,-2.34,-2.34
69.37,5.53,7.87,5.53,7.87,-7.87,-10.48,-2.34,-2.34,-2.34
70.07,5.52,7.87,5.52,7.86,-7.86,-10.36,-2.34,-2.34,-2.35
70.77,5.51,7.86,5.51,7.85,-7.85,-10.24,-2.34,-2.34,-2.35
71.48,5.49,7.84,5.49,7.84,-7.84,-10.12,-2.35,-2.34,-2.35
72.19,5.48,7.83,5.48,7.83,-7.82,-9.99,-2.34,-2.35,-2.35
72.91,5.46,7.81,5.46,7.81,-7.81,-9.87,-2.35,-2.35,-2.35
73.64,5.44,7.79,5.44,7.79,-7.79,-9.74,-2.35,-2.35,-2.35
74.38,5.42,7.77,5.42,7.77,-7.78,-9.61,-2.36,-2.36,-2.35
75.12,5.41,7.76,5.41,7.76,-7.76,-9.49,-2.35,-2.35,-2.35
75.87,5.40,7.75,5.40,7.75,-7.75,-9.36,-2.35,-2.35,-2.35
76.63,5.38,7.74,5.38,7.73,-7.73,-9.24,-2.35,-2.35,-2.36
77.40,5.36,7.72,5.36,7.72,-7.71,-9.11,-2.35,-2.35,-2.36
78.17,5.34,7.70,5.34,7.70,-7.70,-8.99,-2.36,-2.36,-2.36
78.95,5.32,7.68,5.32,7.68,-7.68,-8.87,-2.36,-2.36,-2.36
79.74,5.30,7.66,5.30,7.66,-7.66,-8.76,-2.36,-2.36,-2.36
80.54,5.28,7.64,5.28,7.64,-7.64,-8.64,-2.36,-2.36,-2.36
81.35,5.26,7.62,5.26,7.62,-7.62,-8.53,-2.36,-2.36,-2.36
82.16,5.24,7.60,5.24,7.60,-7.59,-8.42,-2.36,-2.35,-2.36
82.98,5.22,7.58,5.22,7.57,-7.57,-8.32,-2.35,-2.35,-2.36
83.81,5.20,7.55,5.20,7.55,-7.55,-8.22,-2.35,-2.35,-2.35
84.65,5.17,7.52,5.17,7.52,-7.52,-8.12,-2.35,-2.35,-2.35
85.50,5.14,7.49,5.14,7.49,-7.49,-8.02,-2.35,-2.35,-2.35
86.35,5.12,7.47,5.11,7.46,-7.47,-7.93,-2.35,-2.35,-2.35
87.22,5.09,7.44,5.09,7.44,-7.44,-7.84,-2.35,-2.35,-2.35
88.09,5.06,7.41,5.06,7.41,-7.41,-7.75,-2.35,-2.35,-2.35
88.97,5.04,7.39,5.04,7.38,-7.38,-7.67,-2.34,-2.35,-2.35
89.86,5.01,7.36,5.01,7.36,-7.36,-7.59,-2.35,-2.35,-2.35
90.76,4.98,7.33,4.98,7.33,-7.33,-7.51,-2.35,-2.35,-2.35
91.66,4.95,7.30,4.95,7.30,-7.30,-7.44,-2.35,-2.35,-2.35
92.58,4.93,7.28,4.93,7.27,-7.28,-7.37,-2.35,-2.35,-2.35
93.51,4.90,7.25,4.90,7.25,-7.25,-7.30,-2.35,-2.35,-2.35
94.44,4.87,7.22,4.87,7.22,-7.22,-7.23,-2.35,-2.35,-2.35
95.39,4.84,7.19,4.84,7.19,-7.19,-7.17,-2.35,-2.35,-2.35
96.34,4.81,7.16,4.81,7.15,-7.15,-7.12,-2.34,-2.34,-2.35
97.30,4.78,7.12,4.78,7.12,-7.12,-7.06,-2.34,-2.34,-2.34
98.28,4.75,7.09,4.75,7.09,-7.09,-7.01,-2.34,-2.34,-2.34
99.26,4.72,7.06,4.72,7.05,-7.05,-6.96,-2.33,-2.34,-2.34
100.25,4.68,7.01,4.68,7.01,-7.02,-6.92,-2.34,-2.34,-2.33
101.25,4.65,6.98,4.65,6.98,-6.99,-6.88,-2.34,-2.34,-2.33
102.27,4.62,6.96,4.62,6.95,-6.96,-6.84,-2.34,-2.34,-2.34
103.29,4.59,6.93,4.59,6.93,-6.93,-6.80,-2.34,-2.34,-2.34
104.32,4.56,6.90,4.56,6.90,-6.90,-6.77,-2.34,-2.34,-2.34
105.37,4.53,6.88,4.53,6.87,-6.87,-6.73,-2.34,-2.34,-2.35
106.42,4.50,6.85,4.50,6.85,-6.84,-6.70,-2.35,-2.35,-2.35
107.48,4.47,6.82,4.47,6.82,-6.82,-6.68,-2.35,-2.35,-2.35
108.56,4.44,6.79,4.44,6.79,-6.79,-6.65,-2.35,-2.35,-2.35
109.64,4.41,6.76,4.41,6.76,-6.76,-6.63,-2.35,-2.35,-2.35
110.74,4.38,6.73,4.38,6.73,-6.73,-6.61,-2.35,-2.35,-2.35
111.85,4.35,6.70,4.35,6.70,-6.70,-6.59,-2.35,-2.35,-2.35
112.97,4.32,6.67,4.32,6.66,-6.66,-6.58,-2.35,-2.35,-2.35
114.10,4.28,6.63,4.28,6.63,-6.63,-6.56,-2.35,-2.35,-2.35
115.24,4.25,6.60,4.25,6.60,-6.60,-6.55,-2.35,-2.35,-2.35
116.39,4.22,6.57,4.22,6.57,-6.57,-6.54,-2.35,-2.35,-2.35
117.55,4.19,6.54,4.19,6.53,-6.54,-6.53,-2.35,-2.35,-2.35
118.73,4.15,6.50,4.15,6.50,-6.50,-6.52,-2.35,-2.35,-2.35
119.92,4.12,6.47,4.12,6.47,-6.47,-6.51,-2.35,-2.35,-2.35
121.12,4.09,6.44,4.09,6.43,-6.43,-6.50,-2.34,-2.35,-2.35
122.33,4.05,6.40,4.05,6.40,-6.40,-6.49,-2.35,-2.35,-2.35
123.55,4.02,6.37,4.02,6.37,-6.36,-6.49,-2.34,-2.35,-2.35
124.79,3.98,6.33,3.98,6.33,-6.33,-6.48,-2.35,-2.35,-2.35
126.03,3.94,6.29,3.94,6.29,-6.29,-6.47,-2.35,-2.35,-2.35
127.29,3.90,6.25,3.90,6.25,-6.25,-6.46,-2.35,-2.35,-2.35
128.57,3.87,6.22,3.87,6.21,-6.22,-6.46,-2.35,-2.35,-2.35
129.85,3.83,6.18,3.83,6.18,-6.18,-6.45,-2.35,-2.35,-2.35
131.15,3.80,6.15,3.80,6.15,-6.15,-6.43,-2.35,-2.35,-2.35
132.46,3.76,6.11,3.76,6.11,-6.11,-6.42,-2.35,-2.35,-2.35
133.79,3.73,6.08,3.73,6.07,-6.07,-6.41,-2.34,-2.35,-2.35
135.12,3.69,6.04,3.69,6.04,-6.04,-6.39,-2.35,-2.35,-2.35
136.48,3.65,6.00,3.65,6.00,-6.00,-6.38,-2.35,-2.35,-2.35
137.84,3.62,5.97,3.61,5.96,-5.96,-6.36,-2.34,-2.35,-2.35
139.22,3.57,5.92,3.58,5.92,-5.92,-6.34,-2.35,-2.35,-2.35
140.61,3.54,5.89,3.54,5.88,-5.89,-6.31,-2.35,-2.35,-2.35
142.02,3.50,5.85,3.50,5.85,-5.85,-6.28,-2.35,-2.35,-2.35
143.44,3.46,5.81,3.46,5.81,-5.81,-6.25,-2.36,-2.35,-2.35
144.87,3.42,5.78,3.42,5.77,-5.78,-6.22,-2.36,-2.36,-2.36
146.32,3.38,5.74,3.38,5.74,-5.75,-6.18,-2.37,-2.37,-2.36
147.78,3.34,5.71,3.34,5.71,-5.71,-6.15,-2.37,-2.37,-2.37
149.26,3.31,5.69,3.31,5.68,-5.68,-6.10,-2.37,-2.37,-2.38
150.75,3.27,5.65,3.27,5.65,-5.64,-6.06,-2.37,-2.37,-2.38
152.26,3.22,5.61,3.22,5.61,-5.60,-6.01,-2.38,-2.38,-2.39
153.78,3.18,5.57,3.18,5.56,-5.56,-5.95,-2.38,-2.38,-2.39
155.32,3.13,5.51,3.13,5.51,-5.51,-5.90,-2.38,-2.38,-2.38
156.88,3.09,5.46,3.09,5.46,-5.46,-5.84,-2.37,-2.37,-2.37
158.44,3.05,5.41,3.05,5.41,-5.41,-5.78,-2.36,-2.36,-2.36
160.03,3.01,5.36,3.01,5.35,-5.36,-5.71,-2.35,-2.35,-2.35
161.63,2.96,5.30,2.96,5.30,-5.30,-5.64,-2.34,-2.34,-2.34
163.24,2.91,5.25,2.91,5.25,-5.25,-5.57,-2.34,-2.34,-2.34
164.88,2.87,5.20,2.87,5.19,-5.19,-5.50,-2.32,-2.33,-2.33
166.53,2.82,5.14,2.82,5.14,-5.14,-5.42,-2.32,-2.32,-2.32
168.19,2.78,5.09,2.78,5.09,-5.09,-5.34,-2.31,-2.31,-2.31
169.87,2.74,5.04,2.74,5.03,-5.03,-5.26,-2.30,-2.30,-2.30
171.57,2.69,4.98,2.69,4.98,-4.98,-5.18,-2.29,-2.29,-2.29
173.29,2.64,4.93,2.64,4.93,-4.93,-5.09,-2.29,-2.29,-2.29
175.02,2.59,4.88,2.59,4.88,-4.88,-5.00,-2.29,-2.29,-2.29
176.77,2.55,4.84,2.55,4.83,-4.83,-4.91,-2.29,-2.29,-2.29
178.54,2.50,4.79,2.50,4.79,-4.78,-4.82,-2.29,-2.29,-2.29
180.32,2.45,4.74,2.45,4.74,-4.74,-4.73,-2.29,-2.29,-2.29
182.13,2.40,4.69,2.40,4.69,-4.68,-4.64,-2.29,-2.28,-2.29
183.95,2.35,4.64,2.35,4.64,-4.63,-4.54,-2.28,-2.29,-2.29
185.79,2.30,4.59,2.30,4.58,-4.58,-4.45,-2.28,-2.28,-2.29
187.65,2.24,4.52,2.25,4.53,-4.53,-4.35,-2.29,-2.28,-2.28
189.52,2.20,4.48,2.20,4.47,-4.48,-4.25,-2.28,-2.28,-2.28
191.42,2.15,4.43,2.15,4.42,-4.43,-4.16,-2.28,-2.28,-2.28
193.33,2.10,4.37,2.10,4.37,-4.38,-4.06,-2.28,-2.28,-2.27
195.27,2.04,4.32,2.04,4.32,-4.33,-3.96,-2.29,-2.29,-2.28
197.22,1.99,4.28,1.99,4.28,-4.29,-3.86,-2.30,-2.30,-2.29
199.19,1.94,4.24,1.94,4.24,-4.24,-3.77,-2.30,-2.30,-2.30
201.18,1.89,4.20,1.89,4.20,-4.19,-3.67,-2.30,-2.30,-2.31
203.19,1.83,4.15,1.83,4.15,-4.14,-3.57,-2.31,-2.30,-2.32
205.23,1.78,4.10,1.78,4.09,-4.08,-3.48,-2.30,-2.30,-2.32
207.28,1.73,4.03,1.72,4.02,-4.01,-3.38,-2.28,-2.29,-2.30
209.35,1.67,3.95,1.67,3.95,-3.95,-3.29,-2.28,-2.27,-2.28
211.44,1.62,3.87,1.62,3.87,-3.88,-3.19,-2.26,-2.26,-2.25
213.56,1.57,3.80,1.57,3.79,-3.80,-3.10,-2.23,-2.24,-2.23
215.69,1.52,3.73,1.52,3.72,-3.73,-3.00,-2.21,-2.21,-2.21
217.85,1.47,3.65,1.47,3.66,-3.67,-2.91,-2.20,-2.20,-2.18
220.03,1.42,3.60,1.42,3.59,-3.60,-2.82,-2.18,-2.19,-2.18
222.23,1.36,3.54,1.36,3.54,-3.54,-2.72,-2.18,-2.18,-2.18
224.45,1.31,3.49,1.31,3.49,-3.49,-2.63,-2.18,-2.18,-2.18
226.70,1.26,3.44,1.26,3.44,-3.43,-2.54,-2.18,-2.18,-2.18
228.96,1.21,3.39,1.21,3.39,-3.38,-2.45,-2.17,-2.17,-2.18
231.25,1.16,3.34,1.16,3.33,-3.33,-2.36,-2.17,-2.17,-2.18
233.57,1.11,3.28,1.11,3.28,-3.28,-2.27,-2.17,-2.17,-2.17
235.90,1.06,3.22,1.06,3.22,-3.22,-2.19,-2.16,-2.16,-2.16
238.26,1.01,3.17,1.01,3.16,-3.17,-2.10,-2.16,-2.16,-2.16
240.64,0.96,3.11,0.96,3.11,-3.11,-2.01,-2.15,-2.15,-2.15
243.05,0.91,3.05,0.91,3.05,-3.05,-1.93,-2.14,-2.14,-2.14
245.48,0.86,2.99,0.86,2.98,-2.98,-1.84,-2.13,-2.13,-2.13
247.93,0.80,2.92,0.80,2.92,-2.92,-1.76,-2.12,-2.12,-2.12
250.41,0.75,2.86,0.75,2.86,-2.86,-1.68,-2.11,-2.11,-2.11
252.92,0.69,2.80,0.69,2.79,-2.79,-1.59,-2.11,-2.11,-2.11
255.45,0.63,2.73,0.63,2.73,-2.73,-1.51,-2.10,-2.10,-2.10
258.00,0.58,2.67,0.58,2.66,-2.67,-1.43,-2.09,-2.09,-2.09
260.58,0.52,2.60,0.52,2.60,-2.60,-1.35,-2.08,-2.09,-2.08
263.19,0.46,2.54,0.46,2.54,-2.54,-1.27,-2.08,-2.08,-2.08
265.82,0.40,2.48,0.40,2.48,-2.48,-1.19,-2.08,-2.08,-2.08
268.48,0.35,2.43,0.34,2.42,-2.42,-1.11,-2.07,-2.07,-2.08
271.16,0.28,2.35,0.28,2.36,-2.36,-1.03,-2.08,-2.07,-2.07
273.87,0.23,2.30,0.22,2.29,-2.29,-0.96,-2.07,-2.07,-2.07
276.61,0.16,2.23,0.16,2.23,-2.23,-0.88,-2.08,-2.07,-2.07
279.38,0.11,2.18,0.11,2.17,-2.17,-0.80,-2.06,-2.07,-2.07
282.17,0.05,2.11,0.05,2.11,-2.11,-0.73,-2.06,-2.06,-2.06
284.99,-0.01,2.05,-0.01,2.05,-2.05,-0.65,-2.06,-2.06,-2.06
287.84,-0.07,1.99,-0.07,1.98,-1.98,-0.58,-2.06,-2.06,-2.06
290.72,-0.13,1.92,-0.13,1.92,-1.92,-0.50,-2.05,-2.05,-2.05
293.63,-0.19,1.86,-0.19,1.85,-1.85,-0.43,-2.04,-2.04,-2.05
296.57,-0.25,1.79,-0.25,1.79,-1.78,-0.36,-2.04,-2.03,-2.04
299.53,-0.31,1.71,-0.31,1.71,-1.71,-0.29,-2.03,-2.02,-2.02
302.53,-0.36,1.65,-0.37,1.64,-1.64,-0.22,-2.00,-2.01,-2.01
305.55,-0.43,1.57,-0.42,1.57,-1.57,-0.15,-2.00,-2.00,-2.00
308.61,-0.48,1.50,-0.48,1.50,-1.50,-0.08,-1.98,-1.98,-1.98
311.69,-0.54,1.43,-0.54,1.42,-1.42,-0.01,-1.96,-1.97,-1.97
314.81,-0.60,1.35,-0.60,1.35,-1.35,0.06,-1.95,-1.95,-1.95
317.96,-0.66,1.27,-0.66,1.27,-1.27,0.12,-1.94,-1.93,-1.93
321.14,-0.72,1.20,-0.72,1.20,-1.20,0.19,-1.92,-1.92,-1.92
324.35,-0.77,1.13,-0.77,1.12,-1.12,0.25,-1.89,-1.90,-1.90
327.59,-0.83,1.05,-0.83,1.05,-1.04,0.32,-1.88,-1.88,-1.88
330.87,-0.89,0.97,-0.89,0.97,-0.97,0.38,-1.86,-1.86,-1.86
334.18,-0.95,0.89,-0.95,0.89,-0.89,0.44,-1.84,-1.84,-1.84
337.52,-1.01,0.81,-1.01,0.81,-0.81,0.50,-1.82,-1.82,-1.82
340.90,-1.06,0.74,-1.07,0.73,-0.74,0.56,-1.80,-1.80,-1.80
344.30,-1.12,0.66,-1.12,0.66,-0.66,0.61,-1.78,-1.78,-1.78
347.75,-1.18,0.58,-1.18,0.58,-0.58,0.67,-1.76,-1.76,-1.76
351.23,-1.23,0.51,-1.24,0.50,-0.50,0.72,-1.74,-1.74,-1.74
354.74,-1.29,0.43,-1.29,0.43,-0.43,0.77,-1.72,-1.72,-1.72
358.28,-1.35,0.35,-1.35,0.35,-0.35,0.82,-1.70,-1.70,-1.70
361.87,-1.40,0.28,-1.40,0.27,-0.27,0.87,-1.67,-1.67,-1.68
365.49,-1.46,0.19,-1.46,0.19,-0.19,0.91,-1.65,-1.65,-1.65
369.14,-1.52,0.11,-1.52,0.11,-0.11,0.95,-1.63,-1.63,-1.63
372.83,-1.58,0.03,-1.58,0.03,-0.03,1.00,-1.61,-1.61,-1.61
376.56,-1.64,-0.05,-1.64,-0.06,0.06,1.03,-1.58,-1.58,-1.59
380.33,-1.70,-0.14,-1.70,-0.14,0.14,1.07,-1.56,-1.56,-1.56
384.13,-1.76,-0.22,-1.76,-0.22,0.22,1.10,-1.54,-1.54,-1.54
387.97,-1.82,-0.30,-1.82,-0.31,0.30,1.13,-1.52,-1.52,-1.52
391.85,-1.88,-0.39,-1.88,-0.39,0.38,1.16,-1.50,-1.50,-1.49
395.77,-1.93,-0.46,-1.93,-0.46,0.45,1.19,-1.48,-1.48,-1.47
399.73,-1.99,-0.53,-1.99,-0.53,0.53,1.21,-1.46,-1.46,-1.46
403.72,-2.04,-0.59,-2.04,-0.60,0.60,1.23,-1.45,-1.44,-1.45
407.76,-2.09,-0.66,-2.09,-0.66,0.66,1.25,-1.43,-1.43,-1.43
411.84,-2.14,-0.72,-2.14,-0.72,0.73,1.27,-1.41,-1.41,-1.42
415.96,-2.19,-0.78,-2.19,-0.79,0.79,1.28,-1.40,-1.40,-1.41
420.12,-2.25,-0.86,-2.25,-0.86,0.86,1.29,-1.39,-1.39,-1.39
424.32,-2.31,-0.93,-2.31,-0.93,0.92,1.30,-1.39,-1.39,-1.38
428.56,-2.36,-0.99,-2.36,-0.99,0.99,1.31,-1.37,-1.37,-1.37
432.85,-2.41,-1.05,-2.41,-1.05,1.05,1.31,-1.36,-1.36,-1.36
437.18,-2.46,-1.11,-2.46,-1.12,1.12,1.31,-1.34,-1.34,-1.35
441.55,-2.52,-1.18,-2.52,-1.18,1.19,1.31,-1.33,-1.33,-1.34
445.96,-2.57,-1.25,-2.57,-1.25,1.25,1.31,-1.32,-1.32,-1.32
450.42,-2.62,-1.32,-2.63,-1.32,1.32,1.31,-1.30,-1.30,-1.30
454.93,-2.68,-1.39,-2.68,-1.39,1.39,1.30,-1.29,-1.29,-1.29
459.48,-2.73,-1.46,-2.73,-1.46,1.46,1.30,-1.27,-1.27,-1.27
464.07,-2.78,-1.53,-2.78,-1.53,1.53,1.29,-1.25,-1.25,-1.25
468.71,-2.84,-1.60,-2.84,-1.60,1.61,1.28,-1.24,-1.23,-1.24
473.40,-2.89,-1.67,-2.89,-1.68,1.68,1.27,-1.21,-1.22,-1.22
478.13,-2.95,-1.75,-2.95,-1.75,1.75,1.26,-1.20,-1.20,-1.20
482.91,-3.00,-1.82,-3.00,-1.82,1.82,1.24,-1.18,-1.18,-1.18
487.74,-3.05,-1.89,-3.05,-1.89,1.89,1.23,-1.16,-1.16,-1.16
492.62,-3.10,-1.95,-3.11,-1.96,1.96,1.22,-1.14,-1.15,-1.15
497.55,-3.16,-2.03,-3.16,-2.03,2.03,1.20,-1.13,-1.13,-1.13
502.52,-3.21,-2.10,-3.21,-2.09,2.09,1.19,-1.12,-1.12,-1.11
507.55,-3.25,-2.15,-3.26,-2.16,2.15,1.17,-1.10,-1.10,-1.10
512.62,-3.30,-2.21,-3.30,-2.21,2.21,1.15,-1.09,-1.09,-1.09
517.75,-3.35,-2.27,-3.35,-2.27,2.27,1.14,-1.08,-1.08,-1.08
522.93,-3.39,-2.32,-3.39,-2.33,2.33,1.12,-1.07,-1.07,-1.07
528.16,-3.44,-2.38,-3.44,-2.38,2.38,1.10,-1.06,-1.06,-1.06
533.44,-3.48,-2.43,-3.48,-2.44,2.44,1.09,-1.04,-1.04,-1.05
538.77,-3.52,-2.49,-3.52,-2.49,2.50,1.07,-1.02,-1.03,-1.03
544.16,-3.57,-2.56,-3.57,-2.56,2.56,1.05,-1.01,-1.01,-1.01
549.60,-3.61,-2.61,-3.61,-2.62,2.62,1.03,-0.99,-0.99,-1.00
555.10,-3.66,-2.68,-3.66,-2.68,2.68,1.02,-0.98,-0.98,-0.98
560.65,-3.70,-2.74,-3.70,-2.74,2.74,1.00,-0.96,-0.96,-0.96
566.25,-3.75,-2.81,-3.75,-2.81,2.81,0.98,-0.94,-0.94,-0.94
571.92,-3.79,-2.87,-3.79,-2.88,2.87,0.97,-0.92,-0.92,-0.92
577.64,-3.83,-2.94,-3.83,-2.94,2.94,0.95,-0.89,-0.89,-0.89
583.41,-3.87,-3.00,-3.87,-3.00,3.00,0.94,-0.87,-0.87,-0.87
589.25,-3.91,-3.06,-3.91,-3.07,3.07,0.92,-0.84,-0.84,-0.85
595.14,-3.95,-3.13,-3.95,-3.13,3.14,0.91,-0.82,-0.82,-0.82
601.09,-4.00,-3.20,-4.00,-3.20,3.20,0.89,-0.80,-0.80,-0.80
607.10,-4.04,-3.27,-4.04,-3.27,3.27,0.88,-0.77,-0.77,-0.77
613.17,-4.08,-3.34,-4.08,-3.34,3.33,0.86,-0.75,-0.75,-0.74
619.30,-4.11,-3.39,-4.12,-3.40,3.40,0.85,-0.71,-0.72,-0.72
625.50,-4.15,-3.46,-4.15,-3.46,3.46,0.84,-0.69,-0.69,-0.69
631.75,-4.19,-3.53,-4.19,-3.53,3.53,0.82,-0.66,-0.66,-0.66
638.07,-4.22,-3.59,-4.22,-3.60,3.60,0.81,-0.62,-0.62,-0.63
644.45,-4.26,-3.66,-4.26,-3.66,3.67,0.80,-0.59,-0.59,-0.60
650.89,-4.29,-3.73,-4.29,-3.73,3.73,0.79,-0.56,-0.56,-0.56
657.40,-4.33,-3.80,-4.33,-3.80,3.80,0.78,-0.53,-0.53,-0.53
663.98,-4.36,-3.86,-4.36,-3.87,3.86,0.77,-0.50,-0.50,-0.50
670.62,-4.40,-3.94,-4.39,-3.93,3.93,0.76,-0.48,-0.47,-0.46
677.32,-4.41,-3.99,-4.41,-3.99,3.98,0.75,-0.43,-0.43,-0.42
684.10,-4.42,-4.03,-4.42,-4.04,4.04,0.74,-0.38,-0.38,-0.39
690.94,-4.43,-4.08,-4.43,-4.09,4.09,0.73,-0.34,-0.34,-0.35
697.85,-4.44,-4.13,-4.44,-4.13,4.14,0.72,-0.30,-0.31,-0.31
704.83,-4.46,-4.19,-4.45,-4.18,4.18,0.71,-0.28,-0.27,-0.27
711.87,-4.46,-4.22,-4.46,-4.23,4.23,0.71,-0.24,-0.24,-0.24
718.99,-4.46,-4.26,-4.46,-4.26,4.26,0.70,-0.20,-0.20,-0.20
726.18,-4.46,-4.29,-4.46,-4.29,4.30,0.69,-0.16,-0.16,-0.17
733.44,-4.46,-4.32,-4.46,-4.33,4.33,0.69,-0.13,-0.13,-0.14
740.78,-4.45,-4.35,-4.46,-4.36,4.35,0.68,-0.10,-0.11,-0.10
748.19,-4.45,-4.38,-4.44,-4.37,4.36,0.68,-0.09,-0.08,-0.07
755.67,-4.42,-4.38,-4.41,-4.38,4.37,0.67,-0.05,-0.04,-0.04
763.23,-4.36,-4.36,-4.37,-4.37,4.37,0.67,0.01,0.00,0.00
770.86,-4.32,-4.35,-4.33,-4.36,4.36,0.66,0.04,0.04,0.03
778.57,-4.28,-4.34,-4.28,-4.34,4.35,0.66,0.07,0.06,0.06
786.35,-4.24,-4.33,-4.23,-4.33,4.32,0.65,0.08,0.09,0.09
794.22,-4.17,-4.29,-4.17,-4.29,4.29,0.65,0.12,0.12,0.12
802.16,-4.08,-4.24,-4.08,-4.24,4.24,0.65,0.16,0.16,0.16
810.18,-3.98,-4.17,-3.99,-4.18,4.19,0.65,0.21,0.20,0.19
818.28,-3.89,-4.11,-3.90,-4.12,4.12,0.64,0.23,0.22,0.22
826.46,-3.80,-4.06,-3.79,-4.05,4.04,0.64,0.24,0.25,0.26
834.73,-3.68,-3.97,-3.67,-3.96,3.95,0.64,0.27,0.28,0.29
843.08,-3.52,-3.84,-3.53,-3.85,3.85,0.64,0.33,0.32,0.32
851.51,-3.36,-3.72,-3.37,-3.73,3.74,0.64,0.38,0.37,0.36
860.02,-3.21,-3.61,-3.21,-3.61,3.61,0.63,0.40,0.40,0.40
868.62,-3.04,-3.47,-3.04,-3.48,3.47,0.63,0.43,0.43,0.43
877.31,-2.87,-3.34,-2.86,-3.33,3.32,0.63,0.45,0.46,0.47
886.08,-2.66,-3.17,-2.66,-3.17,3.17,0.63,0.50,0.50,0.51
894.94,-2.45,-2.99,-2.46,-3.00,3.00,0.63,0.55,0.54,0.54
903.89,-2.24,-2.82,-2.24,-2.82,2.83,0.63,0.58,0.59,0.58
912.93,-2.02,-2.64,-2.02,-2.64,2.65,0.63,0.62,0.62,0.62
922.06,-1.80,-2.46,-1.80,-2.47,2.46,0.63,0.66,0.66,0.66
931.28,-1.58,-2.28,-1.58,-2.28,2.27,0.63,0.69,0.69,0.70
940.59,-1.35,-2.09,-1.35,-2.09,2.08,0.63,0.73,0.74,0.74
950.00,-1.11,-1.88,-1.12,-1.90,1.90,0.63,0.79,0.78,0.77
959.50,-0.89,-1.71,-0.89,-1.71,1.72,0.64,0.83,0.83,0.82
969.09,-0.66,-1.53,-0.67,-1.53,1.54,0.64,0.88,0.88,0.87
978.78,-0.45,-1.36,-0.45,-1.36,1.37,0.64,0.92,0.92,0.91
988.57,-0.24,-1.20,-0.24,-1.20,1.20,0.64,0.96,0.96,0.96
998.46,-0.03,-1.04,-0.03,-1.04,1.04,0.64,1.01,1.01,1.01
1008.44,0.17,-0.89,0.17,-0.89,0.89,0.64,1.05,1.06,1.06
1018.53,0.38,-0.73,0.37,-0.74,0.73,0.64,1.11,1.11,1.11
1028.71,0.56,-0.59,0.56,-0.59,0.59,0.65,1.15,1.15,1.15
1039.00,0.75,-0.44,0.75,-0.44,0.44,0.65,1.19,1.19,1.19
1049.39,0.93,-0.30,0.93,-0.30,0.30,0.65,1.23,1.23,1.23
1059.88,1.11,-0.16,1.11,-0.16,0.17,0.65,1.28,1.28,1.27
1070.48,1.29,-0.03,1.29,-0.03,0.04,0.66,1.33,1.32,1.32
1081.19,1.46,0.10,1.46,0.10,-0.09,0.66,1.37,1.37,1.36
1092.00,1.63,0.22,1.63,0.22,-0.22,0.66,1.41,1.41,1.41
1102.92,1.81,0.35,1.80,0.35,-0.35,0.67,1.46,1.45,1.46
1113.95,1.98,0.48,1.98,0.47,-0.48,0.67,1.50,1.50,1.50
1125.09,2.15,0.60,2.16,0.60,-0.61,0.68,1.54,1.55,1.55
1136.34,2.34,0.74,2.34,0.74,-0.74,0.68,1.60,1.60,1.60
1147.70,2.53,0.88,2.52,0.87,-0.87,0.68,1.66,1.65,1.65
1159.18,2.71,1.01,2.71,1.01,-1.01,0.69,1.70,1.71,1.70
1170.77,2.91,1.15,2.90,1.15,-1.15,0.69,1.76,1.75,1.76
1182.48,3.10,1.29,3.10,1.29,-1.30,0.70,1.80,1.81,1.81
1194.30,3.31,1.45,3.31,1.45,-1.45,0.70,1.86,1.86,1.86
1206.25,3.53,1.61,3.53,1.61,-1.61,0.71,1.92,1.92,1.92
1218.31,3.75,1.78,3.75,1.78,-1.78,0.71,1.97,1.97,1.97
1230.49,3.97,1.95,3.97,1.94,-1.95,0.72,2.02,2.02,2.02
1242.80,4.19,2.12,4.19,2.12,-2.13,0.73,2.06,2.06,2.07
1255.22,4.43,2.31,4.43,2.31,-2.32,0.73,2.11,2.11,2.12
1267.78,4.68,2.51,4.68,2.51,-2.51,0.74,2.17,2.17,2.17
1280.45,4.93,2.71,4.93,2.70,-2.70,0.75,2.23,2.23,2.22
1293.26,5.18,2.90,5.18,2.90,-2.89,0.75,2.29,2.29,2.28
1306.19,5.43,3.08,5.43,3.08,-3.08,0.76,2.35,2.35,2.35
1319.25,5.68,3.27,5.68,3.27,-3.27,0.77,2.41,2.41,2.41
1332.45,5.93,3.45,5.93,3.45,-3.46,0.78,2.47,2.47,2.48
1345.77,6.18,3.64,6.18,3.64,-3.64,0.79,2.54,2.54,2.54
1359.23,6.43,3.82,6.43,3.82,-3.82,0.80,2.61,2.62,2.61
1372.82,6.68,4.00,6.67,3.99,-3.99,0.81,2.69,2.69,2.68
1386.55,6.91,4.15,6.91,4.15,-4.15,0.82,2.76,2.75,2.76
1400.41,7.12,4.29,7.12,4.29,-4.31,0.83,2.81,2.82,2.83
1414.42,7.33,4.43,7.33,4.43,-4.44,0.84,2.89,2.89,2.90
1428.56,7.53,4.55,7.53,4.56,-4.56,0.85,2.97,2.98,2.98
1442.85,7.73,4.68,7.74,4.68,-4.66,0.86,3.07,3.08,3.05
1457.28,7.92,4.78,7.91,4.76,-4.73,0.87,3.19,3.18,3.14
1471.85,8.06,4.82,8.05,4.81,-4.79,0.89,3.27,3.26,3.24
1486.57,8.14,4.81,8.15,4.81,-4.82,0.90,3.31,3.32,3.33
1501.43,8.22,4.80,8.22,4.80,-4.83,0.91,3.39,3.39,3.42
1516.45,8.29,4.77,8.30,4.79,-4.80,0.93,3.48,3.50,3.52
1531.61,8.37,4.76,8.38,4.76,-4.75,0.94,3.62,3.62,3.61
1546.93,8.44,4.74,8.41,4.71,-4.67,0.96,3.77,3.74,3.70
1562.40,8.41,4.61,8.40,4.60,-4.57,0.97,3.84,3.83,3.80
1578.02,8.33,4.44,8.34,4.45,-4.45,0.99,3.88,3.89,3.89
1593.80,8.25,4.27,8.26,4.28,-4.30,1.00,3.94,3.95,3.98
1609.74,8.18,4.11,8.18,4.11,-4.13,1.02,4.05,4.04,4.07
1625.84,8.09,3.93,8.10,3.93,-3.93,1.04,4.16,4.17,4.16
1642.10,8.01,3.74,8.00,3.73,-3.71,1.06,4.30,4.30,4.27
1658.52,7.90,3.51,7.88,3.50,-3.47,1.08,4.43,4.41,4.39
1675.10,7.73,3.23,7.73,3.23,-3.22,1.10,4.51,4.52,4.50
1691.85,7.56,2.94,7.56,2.94,-2.95,1.12,4.61,4.61,4.62
1708.77,7.39,2.65,7.39,2.66,-2.68,1.14,4.71,4.72,4.74
1725.86,7.23,2.38,7.23,2.37,-2.39,1.16,4.84,4.84,4.85
1743.12,7.07,2.09,7.07,2.09,-2.09,1.18,4.98,4.98,4.98
1760.55,6.90,1.80,6.90,1.80,-1.79,1.20,5.11,5.11,5.10
1778.15,6.73,1.50,6.73,1.49,-1.49,1.22,5.24,5.24,5.23
1795.94,6.55,1.19,6.55,1.19,-1.19,1.25,5.36,5.36,5.36
1813.90,6.37,0.89,6.37,0.89,-0.89,1.27,5.48,5.48,5.48
1832.03,6.20,0.59,6.20,0.59,-0.60,1.30,5.60,5.59,5.61
1850.36,6.02,0.30,6.02,0.29,-0.32,1.32,5.70,5.70,5.72
1868.86,5.85,0.01,5.85,0.01,-0.04,1.35,5.81,5.81,5.84
1887.55,5.68,-0.27,5.68,-0.27,0.24,1.38,5.92,5.92,5.95
1906.42,5.53,-0.53,5.53,-0.53,0.53,1.40,6.06,6.06,6.06
1925.49,5.39,-0.79,5.39,-0.78,0.83,1.43,6.22,6.21,6.18
1944.74,5.25,-1.04,5.25,-1.07,1.14,1.46,6.39,6.39,6.29
1964.19,5.11,-1.39,5.11,-1.39,1.46,1.49,6.57,6.57,6.50
1983.83,4.97,-1.76,4.97,-1.75,1.79,1.52,6.76,6.76,6.73
2003.67,4.84,-2.11,4.83,-2.13,2.11,1.55,6.95,6.94,6.95
2023.71,4.70,-2.48,4.70,-2.49,2.43,1.58,7.13,7.13,7.18
2043.94,4.58,-2.83,4.59,-2.80,2.73,1.61,7.31,7.32,7.41
2064.38,4.50,-3.08,4.50,-3.08,3.02,1.64,7.52,7.52,7.58
2085.03,4.43,-3.29,4.42,-3.31,3.29,1.68,7.72,7.71,7.72
2105.88,4.35,-3.51,4.35,-3.51,3.53,1.71,7.88,7.89,7.86
2126.94,4.28,-3.72,4.28,-3.72,3.76,1.74,8.04,8.04,8.00
2148.20,4.21,-3.93,4.20,-3.94,3.97,1.78,8.18,8.18,8.14
2169.69,4.13,-4.15,4.13,-4.16,4.18,1.81,8.31,8.30,8.28
2191.38,4.05,-4.38,4.06,-4.38,4.37,1.84,8.42,8.43,8.43
2213.30,4.00,-4.59,4.00,-4.59,4.57,1.88,8.57,8.57,8.59
2235.43,3.97,-4.77,3.97,-4.77,4.75,1.91,8.72,8.73,8.74
2257.78,3.96,-4.94,3.96,-4.94,4.94,1.95,8.90,8.90,8.90
2280.36,3.96,-5.10,3.95,-5.10,5.11,1.99,9.07,9.07,9.06
2303.17,3.95,-5.26,3.95,-5.26,5.28,2.02,9.23,9.23,9.21
2326.20,3.95,-5.40,3.95,-5.40,5.43,2.06,9.38,9.38,9.35
2349.46,3.94,-5.54,3.93,-5.55,5.57,2.09,9.51,9.50,9.48
2372.95,3.93,-5.68,3.92,-5.69,5.69,2.13,9.62,9.61,9.61
2396.68,3.92,-5.82,3.93,-5.82,5.79,2.16,9.71,9.72,9.74
2420.65,3.95,-5.92,3.96,-5.92,5.87,2.20,9.82,9.83,9.87
2444.86,4.02,-5.98,4.02,-5.97,5.93,2.23,9.95,9.95,10.00
2469.31,4.10,-5.97,4.09,-5.98,5.98,2.26,10.07,10.07,10.07
2494.00,4.17,-5.96,4.17,-5.97,6.00,2.29,10.17,10.17,10.13
2518.94,4.24,-5.96,4.24,-5.96,6.01,2.33,10.24,10.25,10.20
2544.13,4.32,-5.94,4.32,-5.95,5.99,2.36,10.31,10.30,10.26
2569.57,4.39,-5.94,4.38,-5.95,5.95,2.39,10.34,10.33,10.33
2595.27,4.46,-5.93,4.45,-5.93,5.90,2.42,10.36,10.35,10.39
2621.22,4.53,-5.88,4.54,-5.87,5.82,2.44,10.35,10.37,10.41
2647.43,4.66,-5.76,4.66,-5.76,5.73,2.47,10.39,10.40,10.42
2673.90,4.82,-5.61,4.81,-5.62,5.62,2.49,10.44,10.43,10.43
2700.64,4.99,-5.45,4.99,-5.46,5.48,2.52,10.47,10.46,10.44
2727.65,5.16,-5.30,5.16,-5.30,5.32,2.54,10.48,10.48,10.46
2754.93,5.34,-5.13,5.34,-5.12,5.14,2.56,10.48,10.47,10.47
2782.48,5.51,-4.93,5.50,-4.94,4.94,2.58,10.45,10.45,10.44
2810.30,5.68,-4.72,5.68,-4.73,4.73,2.59,10.41,10.41,10.40
2838.40,5.85,-4.52,5.86,-4.51,4.50,2.61,10.35,10.36,10.37
2866.79,6.06,-4.28,6.06,-4.28,4.26,2.62,10.32,10.32,10.34
2895.46,6.28,-4.02,6.28,-4.03,4.00,2.63,10.28,10.28,10.30
2924.41,6.51,-3.76,6.51,-3.75,3.73,2.64,10.24,10.24,10.27
2953.65,6.75,-3.45,6.74,-3.46,3.46,2.64,10.21,10.20,10.20
2983.19,6.97,-3.17,6.98,-3.16,3.18,2.64,10.15,10.16,10.14
3013.02,7.21,-2.86,7.21,-2.87,2.90,2.64,10.11,10.10,10.07
3043.15,7.42,-2.59,7.41,-2.60,2.62,2.64,10.04,10.04,10.01
3073.58,7.61,-2.33,7.60,-2.33,2.35,2.64,9.96,9.96,9.94
3104.32,7.77,-2.09,7.78,-2.09,2.09,2.63,9.86,9.87,9.86
3135.36,7.94,-1.84,7.94,-1.85,1.83,2.62,9.77,9.76,9.78
3166.72,8.10,-1.60,8.10,-1.61,1.57,2.61,9.67,9.67,9.70
3198.38,8.25,-1.37,8.26,-1.36,1.32,2.60,9.57,9.58,9.62
3230.37,8.42,-1.11,8.42,-1.12,1.09,2.59,9.51,9.51,9.53
3262.67,8.58,-0.87,8.59,-0.86,0.88,2.57,9.45,9.47,9.45
3295.30,8.73,-0.64,8.73,-0.63,0.68,2.55,9.41,9.41,9.37
3328.25,8.87,-0.39,8.82,-0.44,0.51,2.53,9.38,9.33,9.26
3361.53,8.84,-0.32,8.85,-0.31,0.35,2.51,9.19,9.21,9.16
3395.15,8.83,-0.22,8.84,-0.21,0.22,2.48,9.05,9.06,9.05
3429.10,8.81,-0.14,8.81,-0.14,0.10,2.46,8.90,8.91,8.95
3463.39,8.80,-0.05,8.80,-0.05,-0.01,2.43,8.78,8.78,8.85
3498.03,8.78,0.04,8.78,0.04,-0.11,2.40,8.67,8.67,8.74
3533.01,8.76,0.13,8.77,0.14,-0.18,2.37,8.58,8.58,8.63
3568.34,8.74,0.23,8.75,0.24,-0.23,2.34,8.51,8.52,8.51
3604.02,8.73,0.33,8.72,0.32,-0.26,2.31,8.47,8.46,8.40
3640.06,8.65,0.37,8.63,0.34,-0.26,2.28,8.39,8.37,8.28
3676.46,8.47,0.30,8.45,0.28,-0.22,2.24,8.25,8.24,8.17
3713.22,8.20,0.14,8.21,0.15,-0.14,2.21,8.06,8.08,8.06
3750.36,7.93,-0.03,7.94,-0.02,-0.01,2.18,7.92,7.93,7.96
3787.86,7.67,-0.18,7.67,-0.18,0.15,2.14,7.82,7.82,7.85
3825.74,7.40,-0.35,7.40,-0.35,0.34,2.11,7.74,7.75,7.75
3864.00,7.13,-0.52,7.12,-0.54,0.56,2.07,7.69,7.67,7.65
3902.64,6.80,-0.75,6.79,-0.76,0.78,2.04,7.58,7.58,7.55
3941.66,6.44,-1.01,6.44,-1.00,1.00,2.00,7.44,7.44,7.45
3981.08,6.07,-1.23,6.07,-1.24,1.22,1.97,7.28,7.28,7.30
4020.89,5.70,-1.46,5.70,-1.47,1.42,1.93,7.12,7.12,7.16
4061.10,5.35,-1.67,5.36,-1.66,1.63,1.90,6.98,6.98,7.02
4101.71,5.03,-1.85,5.04,-1.84,1.82,1.86,6.85,6.86,6.88
4142.73,4.76,-1.98,4.75,-2.00,2.00,1.83,6.76,6.75,6.74
4184.15,4.47,-2.14,4.47,-2.15,2.17,1.80,6.64,6.64,6.61
4226.00,4.19,-2.30,4.19,-2.31,2.32,1.76,6.51,6.50,6.49
4268.26,3.91,-2.46,3.91,-2.47,2.46,1.73,6.36,6.36,6.37
4310.94,3.64,-2.62,3.65,-2.60,2.59,1.70,6.23,6.24,6.26
4354.05,3.42,-2.72,3.42,-2.73,2.72,1.67,6.14,6.13,6.14
4397.59,3.20,-2.82,3.20,-2.83,2.84,1.63,6.04,6.04,6.02
4441.56,2.98,-2.93,2.98,-2.93,2.96,1.60,5.94,5.94,5.91
4485.98,2.76,-3.03,2.75,-3.04,3.06,1.57,5.82,5.81,5.79
4530.84,2.52,-3.16,2.52,-3.16,3.15,1.55,5.67,5.67,5.68
4576.15,2.31,-3.26,2.31,-3.26,3.23,1.52,5.54,5.54,5.57
4621.91,2.12,-3.34,2.13,-3.33,3.29,1.49,5.41,5.43,5.46
4668.13,1.99,-3.36,1.98,-3.37,3.35,1.46,5.34,5.34,5.35
4714.81,1.86,-3.38,1.85,-3.39,3.41,1.44,5.27,5.26,5.24
4761.96,1.73,-3.41,1.73,-3.41,3.45,1.41,5.18,5.18,5.14
4809.58,1.60,-3.43,1.60,-3.43,3.48,1.39,5.08,5.08,5.03
4857.67,1.47,-3.46,1.46,-3.47,3.50,1.36,4.97,4.96,4.93
4906.25,1.33,-3.50,1.32,-3.51,3.49,1.34,4.82,4.81,4.83
4955.31,1.19,-3.53,1.20,-3.52,3.47,1.32,4.66,4.67,4.72
5004.87,1.12,-3.50,1.13,-3.49,3.43,1.30,4.55,4.56,4.62
5054.91,1.12,-3.41,1.12,-3.41,3.36,1.28,4.48,4.49,4.53
5105.46,1.16,-3.27,1.15,-3.28,3.29,1.26,4.44,4.44,4.43
5156.52,1.20,-3.13,1.20,-3.14,3.19,1.24,4.39,4.38,4.33
5208.08,1.24,-3.00,1.24,-3.00,3.07,1.22,4.31,4.31,4.24
5260.16,1.28,-2.86,1.28,-2.86,2.93,1.21,4.21,4.21,4.14
5312.77,1.32,-2.73,1.31,-2.74,2.76,1.19,4.08,4.07,4.05
5365.89,1.37,-2.59,1.35,-2.61,2.57,1.17,3.93,3.92,3.96
5419.55,1.41,-2.46,1.45,-2.42,2.35,1.16,3.75,3.80,3.87
5473.75,1.61,-2.17,1.63,-2.15,2.09,1.15,3.70,3.72,3.78
5528.49,1.90,-1.78,1.88,-1.81,1.81,1.14,3.70,3.68,3.68
5583.77,2.18,-1.41,2.17,-1.43,1.47,1.12,3.65,3.64,3.59
5639.61,2.47,-1.04,2.46,-1.05,1.08,1.11,3.55,3.55,3.51
5696.00,2.77,-0.65,2.78,-0.64,0.63,1.10,3.40,3.42,3.42
5752.96,3.15,-0.18,3.15,-0.19,0.12,1.10,3.27,3.27,3.33
5810.49,3.59,0.35,3.55,0.31,-0.42,1.09,3.17,3.13,3.24
5868.60,4.04,0.88,4.03,0.87,-0.98,1.08,3.06,3.05,3.16
5927.28,4.58,1.51,4.59,1.51,-1.55,1.07,3.03,3.04,3.07
5986.56,5.25,2.24,5.20,2.18,-2.13,1.07,3.11,3.07,3.01
6046.42,5.95,2.99,5.78,2.82,-2.74,1.07,3.21,3.05,2.96
6106.89,6.45,3.53,6.26,3.33,-3.34,1.06,3.11,2.92,2.92
6167.96,6.80,3.93,6.56,3.68,-3.87,1.06,2.93,2.69,2.87
6229.64,7.14,4.31,6.89,4.05,-4.22,1.06,2.92,2.66,2.83
6291.93,7.51,4.73,7.29,4.50,-4.38,1.06,3.13,2.91,2.78
6354.85,8.32,5.59,7.53,4.79,-4.37,1.06,3.95,3.16,2.73
6418.40,8.51,5.84,7.44,4.77,-4.19,1.06,4.32,3.25,2.67
6482.58,7.88,5.27,6.98,4.36,-3.90,1.06,3.98,3.08,2.61
6547.41,7.22,4.68,6.05,3.50,-3.51,1.06,3.71,2.54,2.54
6612.88,6.37,3.89,4.89,2.40,-3.07,1.06,3.30,1.82,2.48
6679.01,4.98,2.56,3.63,1.21,-2.58,1.07,2.40,1.06,2.42
6745.80,3.53,1.16,2.34,-0.02,-2.08,1.07,1.45,0.26,2.37
6813.26,2.15,-0.17,1.16,-1.13,-1.63,1.07,0.52,-0.47,2.32
6881.39,0.87,-1.40,0.24,-1.99,-1.27,1.08,-0.40,-1.03,2.27
6950.21,-0.23,-2.45,-0.44,-2.60,-1.00,1.08,-1.23,-1.44,2.22
7019.71,-1.07,-3.24,-0.91,-2.99,-0.79,1.09,-1.86,-1.71,2.17
7089.91,-1.83,-3.95,-1.24,-3.24,-0.59,1.09,-2.42,-1.83,2.12
7160.81,-2.50,-4.56,-1.46,-3.37,-0.34,1.09,-2.84,-1.79,2.06
7232.41,-3.19,-5.18,-1.60,-3.43,-0.08,1.10,-3.27,-1.68,1.99
7304.74,-3.73,-5.66,-1.69,-3.44,0.18,1.10,-3.55,-1.51,1.93
7377.79,-4.23,-6.09,-1.75,-3.41,0.44,1.10,-3.79,-1.31,1.86
7451.56,-4.74,-6.54,-1.78,-3.35,0.70,1.11,-4.04,-1.08,1.80
7526.08,-5.12,-6.86,-1.80,-3.29,0.96,1.11,-4.16,-0.84,1.74
7601.34,-5.27,-6.94,-1.81,-3.21,1.23,1.11,-4.04,-0.58,1.67
7677.35,-5.42,-7.01,-1.82,-3.14,1.51,1.10,-3.91,-0.31,1.59
7754.13,-5.56,-7.08,-1.84,-3.08,1.79,1.10,-3.77,-0.05,1.52
7831.67,-5.67,-7.12,-1.86,-3.02,2.04,1.10,-3.63,0.18,1.45
7909.98,-5.52,-6.90,-1.89,-2.96,2.27,1.09,-3.25,0.38,1.38
7989.08,-5.31,-6.62,-1.92,-2.91,2.45,1.08,-2.86,0.54,1.31
8068.98,-5.10,-6.32,-1.95,-2.86,2.59,1.07,-2.51,0.64,1.22
8149.67,-4.89,-6.02,-1.98,-2.81,2.69,1.06,-2.20,0.71,1.13
8231.16,-4.54,-5.58,-2.02,-2.76,2.74,1.05,-1.81,0.72,1.04
8313.47,-4.12,-5.06,-2.05,-2.71,2.74,1.03,-1.38,0.69,0.94
8396.61,-3.71,-4.56,-2.08,-2.65,2.71,1.02,-1.00,0.63,0.85
8480.57,-3.32,-4.08,-2.11,-2.60,2.65,1.00,-0.67,0.54,0.76
8565.38,-3.13,-3.78,-2.14,-2.55,2.58,0.98,-0.55,0.44,0.65
8651.03,-3.03,-3.58,-2.18,-2.50,2.50,0.96,-0.53,0.33,0.55
8737.54,-2.93,-3.37,-2.21,-2.45,2.45,0.94,-0.48,0.23,0.44
8824.92,-2.84,-3.17,-2.25,-2.40,2.40,0.91,-0.44,0.15,0.33
8913.17,-2.75,-2.98,-2.29,-2.35,2.35,0.89,-0.40,0.06,0.23
9002.30,-2.84,-2.96,-2.33,-2.31,2.31,0.87,-0.53,-0.03,0.12
9092.32,-3.00,-3.02,-2.38,-2.26,2.26,0.84,-0.74,-0.11,0.02
9183.25,-3.15,-3.06,-2.42,-2.22,2.22,0.81,-0.93,-0.20,-0.09
9275.08,-3.29,-3.09,-2.47,-2.18,2.18,0.79,-1.11,-0.29,-0.20
9367.83,-3.42,-3.12,-2.52,-2.14,2.14,0.76,-1.28,-0.38,-0.30
9461.51,-3.56,-3.15,-2.57,-2.10,2.10,0.73,-1.46,-0.47,-0.41
9556.12,-3.68,-3.17,-2.63,-2.07,2.06,0.71,-1.62,-0.56,-0.51
9651.68,-3.81,-3.19,-2.68,-2.03,2.03,0.68,-1.79,-0.66,-0.62
9748.20,-3.92,-3.19,-2.74,-1.99,1.99,0.66,-1.93,-0.75,-0.73
9845.68,-4.02,-3.18,-2.80,-1.96,1.95,0.63,-2.07,-0.84,-0.84
9944.14,-4.13,-3.19,-2.85,-1.92,1.92,0.61,-2.21,-0.93,-0.94
10043.58,-4.22,-3.17,-2.90,-1.87,1.88,0.58,-2.34,-1.01,-1.05
10144.02,-4.32,-3.17,-2.97,-1.85,1.85,0.56,-2.47,-1.12,-1.15
10245.46,-4.41,-3.16,-3.04,-1.82,1.82,0.53,-2.59,-1.22,-1.25
10347.91,-4.51,-3.16,-3.11,-1.80,1.80,0.51,-2.72,-1.32,-1.35
10451.39,-4.60,-3.15,-3.18,-1.77,1.77,0.49,-2.83,-1.41,-1.45
10555.91,-4.68,-3.13,-3.25,-1.75,1.74,0.47,-2.94,-1.51,-1.55
10661.46,-4.77,-3.12,-3.32,-1.72,1.71,0.44,-3.06,-1.60,-1.65
10768.08,-4.85,-3.10,-3.39,-1.69,1.69,0.42,-3.16,-1.70,-1.75
10875.76,-4.86,-3.00,-3.45,-1.66,1.66,0.40,-3.20,-1.80,-1.86
10984.52,-4.86,-2.88,-3.52,-1.63,1.63,0.38,-3.24,-1.89,-1.98
11094.36,-4.79,-2.69,-3.59,-1.59,1.59,0.36,-3.20,-1.99,-2.10
11205.31,-4.72,-2.51,-3.65,-1.56,1.56,0.35,-3.16,-2.09,-2.21
11317.36,-4.65,-2.32,-3.72,-1.52,1.52,0.33,-3.13,-2.19,-2.33
11430.53,-4.57,-2.13,-3.78,-1.49,1.49,0.31,-3.08,-2.29,-2.44
11544.84,-4.50,-1.95,-3.84,-1.45,1.45,0.29,-3.05,-2.39,-2.55
11660.29,-4.43,-1.78,-3.90,-1.41,1.41,0.28,-3.02,-2.49,-2.65
11776.89,-4.36,-1.60,-3.97,-1.37,1.37,0.26,-2.99,-2.59,-2.76
11894.66,-4.30,-1.43,-4.03,-1.33,1.33,0.25,-2.97,-2.70,-2.87
12013.60,-4.23,-1.26,-4.09,-1.29,1.29,0.23,-2.94,-2.80,-2.97
12133.74,-4.16,-1.08,-4.15,-1.25,1.25,0.22,-2.92,-2.90,-3.08
12255.08,-4.05,-0.87,-4.20,-1.20,1.20,0.20,-2.85,-3.00,-3.18
12377.63,-3.77,-0.49,-4.26,-1.16,1.16,0.19,-2.62,-3.11,-3.28
12501.41,-3.49,-0.11,-4.32,-1.11,1.11,0.17,-2.38,-3.21,-3.38
12626.42,-3.21,0.27,-4.38,-1.06,1.06,0.16,-2.15,-3.32,-3.48
12752.68,-2.94,0.64,-4.43,-1.01,1.01,0.14,-1.93,-3.42,-3.58
12880.21,-2.66,1.02,-4.49,-0.96,0.96,0.13,-1.70,-3.53,-3.68
13009.01,-2.39,1.40,-4.54,-0.91,0.91,0.12,-1.48,-3.63,-3.79
13139.10,-2.11,1.79,-4.60,-0.86,0.86,0.10,-1.25,-3.74,-3.90
13270.49,-1.71,2.30,-4.65,-0.81,0.81,0.09,-0.91,-3.84,-4.01
13403.20,-1.30,2.82,-4.70,-0.75,0.75,0.08,-0.55,-3.95,-4.12
13537.23,-0.89,3.34,-4.75,-0.70,0.70,0.06,-0.20,-4.06,-4.23
13672.60,-0.46,3.87,-4.81,-0.64,0.64,0.05,0.18,-4.17,-4.33
13809.33,-0.03,4.40,-4.86,-0.58,0.58,0.03,0.55,-4.28,-4.43
13947.42,-0.12,4.40,-4.91,-0.52,0.52,0.02,0.40,-4.38,-4.52
14086.90,-0.21,4.41,-4.95,-0.46,0.46,0.00,0.25,-4.49,-4.62
14227.77,-0.40,4.31,-5.00,-0.40,0.40,-0.01,-0.00,-4.60,-4.71
14370.04,-0.71,4.09,-5.05,-0.34,0.34,-0.03,-0.37,-4.71,-4.80
14513.74,-1.03,3.88,-5.10,-0.27,0.27,-0.04,-0.76,-4.82,-4.91
14658.88,-1.27,3.77,-5.14,-0.21,0.21,-0.06,-1.06,-4.94,-5.04
14805.47,-1.50,3.66,-5.19,-0.14,0.14,-0.08,-1.36,-5.05,-5.16
14953.52,-1.73,3.56,-5.23,-0.07,0.07,-0.09,-1.66,-5.16,-5.29
15103.06,-1.96,3.45,-5.28,-0.01,0.01,-0.11,-1.95,-5.27,-5.41
15254.09,-2.19,3.34,-5.32,0.06,-0.06,-0.12,-2.25,-5.38,-5.53
15406.63,-2.42,3.21,-5.36,0.13,-0.13,-0.14,-2.55,-5.50,-5.63
15560.70,-2.65,3.07,-5.41,0.21,-0.21,-0.15,-2.86,-5.61,-5.72
15716.30,-2.90,2.90,-5.45,0.28,-0.28,-0.16,-3.18,-5.73,-5.80
15873.47,-3.35,2.54,-5.49,0.35,-0.35,-0.17,-3.70,-5.84,-5.89
16032.20,-3.80,2.18,-5.53,0.43,-0.43,-0.18,-4.23,-5.96,-5.98
16192.52,-4.29,1.78,-5.57,0.50,-0.50,-0.18,-4.80,-6.07,-6.07
16354.45,-4.81,1.35,-5.61,0.58,-0.58,-0.18,-5.39,-6.19,-6.16
16517.99,-5.33,0.94,-5.64,0.66,-0.66,-0.17,-5.99,-6.31,-6.27
16683.17,-5.82,0.56,-5.68,0.74,-0.74,-0.16,-6.56,-6.42,-6.38
16850.01,-6.31,0.18,-5.72,0.82,-0.82,-0.15,-7.13,-6.54,-6.49
17018.51,-6.63,-0.03,-5.75,0.90,-0.90,-0.14,-7.54,-6.66,-6.60
17188.69,-6.81,-0.09,-5.79,0.99,-0.99,-0.12,-7.80,-6.78,-6.72
17360.58,-7.00,-0.17,-5.82,1.07,-1.07,-0.11,-8.07,-6.90,-6.83
17534.18,-7.16,-0.22,-5.86,1.16,-1.16,-0.10,-8.32,-7.01,-6.94
17709.53,-7.32,-0.26,-5.89,1.24,-1.24,-0.08,-8.57,-7.13,-7.06
17886.62,-7.49,-0.31,-5.92,1.33,-1.33,-0.07,-8.82,-7.25,-7.18
18065.49,-7.65,-0.35,-5.95,1.42,-1.42,-0.06,-9.07,-7.38,-7.30
18246.14,-7.83,-0.41,-5.99,1.51,-1.51,-0.05,-9.34,-7.50,-7.42
18428.60,-8.01,-0.48,-6.02,1.60,-1.60,-0.04,-9.61,-7.62,-7.53
18612.89,-8.18,-0.54,-6.05,1.70,-1.70,-0.04,-9.88,-7.74,-7.64
18799.02,-8.36,-0.62,-6.07,1.79,-1.79,-0.03,-10.15,-7.86,-7.74
18987.01,-8.54,-0.69,-6.10,1.88,-1.88,-0.03,-10.42,-7.99,-7.85
19176.88,-8.73,-0.77,-6.13,1.98,-1.98,-0.02,-10.71,-8.11,-7.96
19368.65,-8.94,-0.88,-6.16,2.08,-2.08,-0.02,-11.02,-8.23,-8.06
19562.33,-9.27,-1.10,-6.18,2.18,-2.18,-0.01,-11.45,-8.36,-8.17
19757.96,-9.84,-1.56,-6.21,2.27,-2.27,-0.01,-12.12,-8.48,-8.28
19955.54,-11.24,-2.86,-6.23,2.38,-2.38,-0.01,-13.62,-8.61,-8.38
